{
"type": "FeatureCollection",
"name": "stlouis-municipality-overlay",
"crs": { "type": "name", "properties": { "name": "urn:ogc:def:crs:OGC:1.3:CRS84" } },
"xy_coordinate_resolution": 1e-05,
"features": [
{ "type": "Feature", "properties": { "name": "City of St. Louis" }, "geometry": { "type": "Polygon", "coordinates": [ [ [ -90.32052, 38.59415 ], [ -90.31358, 38.57877 ], [ -90.30255, 38.56782 ], [ -90.29698, 38.56233 ], [ -90.28977, 38.55707 ], [ -90.28719, 38.55556 ], [ -90.28374, 38.55392 ], [ -90.2808, 38.55233 ], [ -90.27798, 38.55058 ], [ -90.27409, 38.54938 ], [ -90.27234, 38.54842 ], [ -90.27218, 38.54679 ], [ -90.27156, 38.54478 ], [ -90.27185, 38.54456 ], [ -90.27098, 38.54198 ], [ -90.27105, 38.5409 ], [ -90.27138, 38.54014 ], [ -90.27139, 38.53933 ], [ -90.27104, 38.53868 ], [ -90.26907, 38.53756 ], [ -90.26851, 38.53698 ], [ -90.26815, 38.53597 ], [ -90.26687, 38.53427 ], [ -90.2661, 38.53395 ], [ -90.26551, 38.53385 ], [ -90.2639, 38.53388 ], [ -90.2631, 38.53405 ], [ -90.25778, 38.53201 ], [ -90.24891, 38.54478 ], [ -90.2242, 38.57508 ], [ -90.2221, 38.57648 ], [ -90.2167, 38.57878 ], [ -90.2101, 38.58398 ], [ -90.2025, 38.58868 ], [ -90.196, 38.59448 ], [ -90.1918, 38.59898 ], [ -90.1845, 38.61158 ], [ -90.17881, 38.62916 ], [ -90.178, 38.63378 ], [ -90.1777, 38.64278 ], [ -90.1811, 38.65958 ], [ -90.1826, 38.66538 ], [ -90.1864, 38.67478 ], [ -90.1952, 38.68758 ], [ -90.2022, 38.69348 ], [ -90.2092, 38.70278 ], [ -90.212, 38.71178 ], [ -90.21191, 38.71795 ], [ -90.21141, 38.72135 ], [ -90.20991, 38.72605 ], [ -90.20518, 38.7322 ], [ -90.1913, 38.74298 ], [ -90.18361, 38.74675 ], [ -90.1763, 38.75448 ], [ -90.1751, 38.76028 ], [ -90.1713, 38.76658 ], [ -90.16672, 38.77227 ], [ -90.18418, 38.77429 ], [ -90.18387, 38.77059 ], [ -90.18505, 38.76483 ], [ -90.1864, 38.76155 ], [ -90.18925, 38.75782 ], [ -90.19198, 38.7548 ], [ -90.19546, 38.75153 ], [ -90.19742, 38.74924 ], [ -90.20815, 38.7398 ], [ -90.21291, 38.73615 ], [ -90.21834, 38.73342 ], [ -90.21977, 38.73233 ], [ -90.22178, 38.73013 ], [ -90.22463, 38.72904 ], [ -90.22813, 38.72808 ], [ -90.25174, 38.71889 ], [ -90.30183, 38.65564 ], [ -90.30362, 38.64489 ], [ -90.30481, 38.64244 ], [ -90.30552, 38.63858 ], [ -90.30586, 38.6358 ], [ -90.30649, 38.63336 ], [ -90.30759, 38.63249 ], [ -90.30862, 38.63017 ], [ -90.31085, 38.61821 ], [ -90.32052, 38.59415 ] ] ] } },
{ "type": "Feature", "properties": { "name": "Ballwin" }, "geometry": { "type": "Polygon", "coordinates": [ [ [ -90.56029, 38.62444 ], [ -90.56675, 38.62449 ], [ -90.5669, 38.61478 ], [ -90.56974, 38.61478 ], [ -90.56969, 38.61409 ], [ -90.56984, 38.61405 ], [ -90.57848, 38.61646 ], [ -90.57823, 38.61858 ], [ -90.58087, 38.62052 ], [ -90.58276, 38.6217 ], [ -90.58301, 38.6215 ], [ -90.58312, 38.6198 ], [ -90.5854, 38.61586 ], [ -90.58569, 38.61498 ], [ -90.58088, 38.61489 ], [ -90.58088, 38.61222 ], [ -90.57404, 38.61227 ], [ -90.57586, 38.60788 ], [ -90.57989, 38.60786 ], [ -90.57987, 38.60845 ], [ -90.58083, 38.60845 ], [ -90.58086, 38.60474 ], [ -90.57715, 38.60479 ], [ -90.57632, 38.60489 ], [ -90.57556, 38.60519 ], [ -90.5722, 38.60723 ], [ -90.57112, 38.60761 ], [ -90.56951, 38.60131 ], [ -90.57105, 38.60111 ], [ -90.57108, 38.59275 ], [ -90.55846, 38.59285 ], [ -90.55851, 38.588 ], [ -90.5624, 38.58802 ], [ -90.56241, 38.58264 ], [ -90.56523, 38.58265 ], [ -90.56582, 38.58291 ], [ -90.56714, 38.58295 ], [ -90.56714, 38.58461 ], [ -90.56477, 38.5846 ], [ -90.56477, 38.5857 ], [ -90.56714, 38.58572 ], [ -90.56713, 38.5864 ], [ -90.57591, 38.5864 ], [ -90.57605, 38.58595 ], [ -90.57653, 38.58595 ], [ -90.57667, 38.57899 ], [ -90.58354, 38.57902 ], [ -90.58326, 38.57836 ], [ -90.58451, 38.57797 ], [ -90.58413, 38.5769 ], [ -90.58306, 38.57527 ], [ -90.58148, 38.57528 ], [ -90.5815, 38.57343 ], [ -90.5768, 38.57336 ], [ -90.57681, 38.5715 ], [ -90.57541, 38.57148 ], [ -90.57533, 38.57044 ], [ -90.57415, 38.5706 ], [ -90.57321, 38.57045 ], [ -90.57264, 38.57017 ], [ -90.57152, 38.56926 ], [ -90.57038, 38.56875 ], [ -90.5681, 38.56629 ], [ -90.56695, 38.56566 ], [ -90.56633, 38.56547 ], [ -90.5655, 38.56409 ], [ -90.56516, 38.56383 ], [ -90.56245, 38.56259 ], [ -90.56244, 38.56387 ], [ -90.5597, 38.56385 ], [ -90.5596, 38.56144 ], [ -90.55857, 38.56097 ], [ -90.55702, 38.5605 ], [ -90.55524, 38.56027 ], [ -90.55506, 38.56015 ], [ -90.55412, 38.56104 ], [ -90.55439, 38.56176 ], [ -90.55385, 38.56258 ], [ -90.55302, 38.56279 ], [ -90.55309, 38.5674 ], [ -90.54831, 38.56749 ], [ -90.54834, 38.56385 ], [ -90.54364, 38.5639 ], [ -90.54105, 38.56424 ], [ -90.54021, 38.56552 ], [ -90.54102, 38.56564 ], [ -90.54124, 38.567 ], [ -90.54111, 38.5676 ], [ -90.54091, 38.5676 ], [ -90.54091, 38.56862 ], [ -90.5414, 38.56888 ], [ -90.54111, 38.56896 ], [ -90.54047, 38.56989 ], [ -90.54052, 38.5706 ], [ -90.54031, 38.57078 ], [ -90.54024, 38.57147 ], [ -90.539, 38.57149 ], [ -90.5389, 38.579 ], [ -90.52957, 38.57917 ], [ -90.52947, 38.58625 ], [ -90.53324, 38.5863 ], [ -90.5322, 38.58992 ], [ -90.52936, 38.58989 ], [ -90.52904, 38.60457 ], [ -90.51527, 38.60445 ], [ -90.51507, 38.60449 ], [ -90.51589, 38.60563 ], [ -90.51517, 38.606 ], [ -90.51287, 38.60683 ], [ -90.51209, 38.60652 ], [ -90.51164, 38.60667 ], [ -90.51076, 38.60664 ], [ -90.511, 38.60733 ], [ -90.51057, 38.60756 ], [ -90.51129, 38.60883 ], [ -90.51164, 38.60974 ], [ -90.51265, 38.61496 ], [ -90.51256, 38.61548 ], [ -90.51091, 38.61889 ], [ -90.51079, 38.61988 ], [ -90.51101, 38.62077 ], [ -90.51246, 38.62003 ], [ -90.51336, 38.62112 ], [ -90.52023, 38.61767 ], [ -90.5214, 38.61884 ], [ -90.52321, 38.62187 ], [ -90.52724, 38.62034 ], [ -90.5282, 38.62013 ], [ -90.5343, 38.62048 ], [ -90.535, 38.62042 ], [ -90.53568, 38.6202 ], [ -90.53643, 38.61972 ], [ -90.53694, 38.61916 ], [ -90.53737, 38.61836 ], [ -90.53611, 38.61794 ], [ -90.53762, 38.61515 ], [ -90.53844, 38.61511 ], [ -90.53849, 38.61295 ], [ -90.54128, 38.61298 ], [ -90.54127, 38.61466 ], [ -90.54775, 38.61334 ], [ -90.55062, 38.61292 ], [ -90.55131, 38.61267 ], [ -90.55436, 38.61112 ], [ -90.55725, 38.61051 ], [ -90.55731, 38.61964 ], [ -90.55938, 38.61967 ], [ -90.5593, 38.62308 ], [ -90.56029, 38.62444 ] ] ] } },
{ "type": "Feature", "properties": { "name": "Bel-Nor" }, "geometry": { "type": "Polygon", "coordinates": [ [ [ -90.31544, 38.70749 ], [ -90.31659, 38.70827 ], [ -90.31903, 38.71031 ], [ -90.32263, 38.70533 ], [ -90.32256, 38.7052 ], [ -90.32295, 38.70506 ], [ -90.3232, 38.70511 ], [ -90.32354, 38.70491 ], [ -90.3254, 38.70498 ], [ -90.32539, 38.69758 ], [ -90.31833, 38.69394 ], [ -90.31691, 38.69298 ], [ -90.31361, 38.6993 ], [ -90.3109, 38.69794 ], [ -90.30989, 38.70046 ], [ -90.31045, 38.70056 ], [ -90.31093, 38.70126 ], [ -90.31036, 38.7031 ], [ -90.31025, 38.70456 ], [ -90.30961, 38.70452 ], [ -90.3102, 38.70737 ], [ -90.31328, 38.70704 ], [ -90.31401, 38.70711 ], [ -90.31534, 38.70761 ], [ -90.31544, 38.70749 ] ] ] } },
{ "type": "Feature", "properties": { "name": "Bel-Ridge" }, "geometry": { "type": "Polygon", "coordinates": [ [ [ -90.33126, 38.72167 ], [ -90.33133, 38.72204 ], [ -90.33263, 38.72062 ], [ -90.33278, 38.72071 ], [ -90.33348, 38.71997 ], [ -90.33334, 38.71991 ], [ -90.33409, 38.71897 ], [ -90.33455, 38.71801 ], [ -90.33479, 38.71708 ], [ -90.33482, 38.71575 ], [ -90.335, 38.71574 ], [ -90.33492, 38.71492 ], [ -90.33475, 38.71493 ], [ -90.33462, 38.71287 ], [ -90.33579, 38.71289 ], [ -90.33677, 38.70603 ], [ -90.33588, 38.70602 ], [ -90.33594, 38.7054 ], [ -90.33015, 38.70539 ], [ -90.32992, 38.70696 ], [ -90.3277, 38.70694 ], [ -90.32768, 38.70708 ], [ -90.32588, 38.70677 ], [ -90.32621, 38.70509 ], [ -90.32354, 38.70491 ], [ -90.3232, 38.70511 ], [ -90.32295, 38.70506 ], [ -90.32256, 38.7052 ], [ -90.32263, 38.70533 ], [ -90.31871, 38.71075 ], [ -90.31929, 38.71147 ], [ -90.31941, 38.71148 ], [ -90.31949, 38.71205 ], [ -90.32011, 38.71206 ], [ -90.32166, 38.71335 ], [ -90.32166, 38.71325 ], [ -90.324, 38.71474 ], [ -90.32405, 38.72034 ], [ -90.32269, 38.72056 ], [ -90.32302, 38.72173 ], [ -90.33126, 38.72167 ] ] ] } },
{ "type": "Feature", "properties": { "name": "Bella Villa" }, "geometry": { "type": "Polygon", "coordinates": [ [ [ -90.28274, 38.54609 ], [ -90.28469, 38.54719 ], [ -90.28684, 38.54495 ], [ -90.2873, 38.54522 ], [ -90.28854, 38.54395 ], [ -90.28901, 38.54423 ], [ -90.28978, 38.54341 ], [ -90.28931, 38.54312 ], [ -90.2901, 38.54232 ], [ -90.28955, 38.54198 ], [ -90.28991, 38.54161 ], [ -90.28709, 38.53988 ], [ -90.28377, 38.5434 ], [ -90.28214, 38.54243 ], [ -90.28002, 38.54454 ], [ -90.28219, 38.54578 ], [ -90.2824, 38.54601 ], [ -90.28274, 38.54609 ] ] ] } },
{ "type": "Feature", "properties": { "name": "Bellefontaine Neighbors" }, "geometry": { "type": "Polygon", "coordinates": [ [ [ -90.23458, 38.77096 ], [ -90.23598, 38.77139 ], [ -90.23735, 38.77216 ], [ -90.24116, 38.77218 ], [ -90.2421, 38.77133 ], [ -90.24294, 38.77097 ], [ -90.25086, 38.77099 ], [ -90.25093, 38.76379 ], [ -90.24165, 38.76372 ], [ -90.24172, 38.75152 ], [ -90.23971, 38.75139 ], [ -90.23634, 38.75095 ], [ -90.23672, 38.7485 ], [ -90.23661, 38.74831 ], [ -90.23677, 38.74823 ], [ -90.23649, 38.7482 ], [ -90.23677, 38.74656 ], [ -90.23598, 38.74648 ], [ -90.23686, 38.74154 ], [ -90.23771, 38.74162 ], [ -90.23818, 38.73882 ], [ -90.2396, 38.73897 ], [ -90.24071, 38.73149 ], [ -90.24017, 38.73015 ], [ -90.23939, 38.72898 ], [ -90.23908, 38.72723 ], [ -90.23897, 38.72578 ], [ -90.23938, 38.72371 ], [ -90.22814, 38.72809 ], [ -90.22523, 38.72886 ], [ -90.22221, 38.72996 ], [ -90.2221, 38.73072 ], [ -90.22184, 38.73069 ], [ -90.22122, 38.73244 ], [ -90.22239, 38.73256 ], [ -90.2222, 38.73663 ], [ -90.21999, 38.73642 ], [ -90.22069, 38.73735 ], [ -90.22109, 38.73862 ], [ -90.21612, 38.73813 ], [ -90.21459, 38.74795 ], [ -90.21893, 38.74841 ], [ -90.21886, 38.75051 ], [ -90.21865, 38.7505 ], [ -90.21849, 38.75226 ], [ -90.21829, 38.7529 ], [ -90.21815, 38.75316 ], [ -90.21753, 38.75308 ], [ -90.2172, 38.75385 ], [ -90.21493, 38.75361 ], [ -90.21523, 38.75171 ], [ -90.21218, 38.75139 ], [ -90.21072, 38.76029 ], [ -90.20557, 38.75977 ], [ -90.20503, 38.76327 ], [ -90.20392, 38.7641 ], [ -90.20342, 38.7652 ], [ -90.20345, 38.76547 ], [ -90.20405, 38.76623 ], [ -90.20454, 38.76641 ], [ -90.20437, 38.76727 ], [ -90.22145, 38.77023 ], [ -90.22351, 38.77088 ], [ -90.23458, 38.77096 ] ] ] } },
{ "type": "Feature", "properties": { "name": "Bellerive Acres" }, "geometry": { "type": "Polygon", "coordinates": [ [ [ -90.30751, 38.71863 ], [ -90.30742, 38.71946 ], [ -90.30905, 38.71914 ], [ -90.30958, 38.71848 ], [ -90.30975, 38.71851 ], [ -90.30966, 38.71809 ], [ -90.31035, 38.71768 ], [ -90.31182, 38.71571 ], [ -90.31419, 38.7169 ], [ -90.31903, 38.71031 ], [ -90.31659, 38.70827 ], [ -90.31543, 38.70749 ], [ -90.31534, 38.70761 ], [ -90.31401, 38.70711 ], [ -90.31328, 38.70704 ], [ -90.30982, 38.70742 ], [ -90.30802, 38.70983 ], [ -90.30785, 38.7098 ], [ -90.30584, 38.71257 ], [ -90.30533, 38.71235 ], [ -90.30431, 38.71232 ], [ -90.3042, 38.71221 ], [ -90.30429, 38.71257 ], [ -90.30456, 38.71243 ], [ -90.30533, 38.71251 ], [ -90.30874, 38.71422 ], [ -90.30807, 38.7158 ], [ -90.30697, 38.7172 ], [ -90.3073, 38.71772 ], [ -90.30751, 38.71863 ] ] ] } },
{ "type": "Feature", "properties": { "name": "Berkeley" }, "geometry": { "type": "Polygon", "coordinates": [ [ [ -90.32494, 38.76475 ], [ -90.34016, 38.76488 ], [ -90.34354, 38.77188 ], [ -90.3439, 38.77331 ], [ -90.34933, 38.77387 ], [ -90.35011, 38.76893 ], [ -90.34893, 38.76881 ], [ -90.34934, 38.76617 ], [ -90.34916, 38.76615 ], [ -90.3494, 38.76472 ], [ -90.35263, 38.76481 ], [ -90.35368, 38.75801 ], [ -90.34881, 38.7578 ], [ -90.34884, 38.74963 ], [ -90.35046, 38.74964 ], [ -90.35226, 38.73728 ], [ -90.35357, 38.73741 ], [ -90.35412, 38.7342 ], [ -90.34951, 38.73176 ], [ -90.3508, 38.72938 ], [ -90.35069, 38.72935 ], [ -90.35193, 38.72242 ], [ -90.33518, 38.72081 ], [ -90.33504, 38.72214 ], [ -90.33133, 38.72204 ], [ -90.33126, 38.72168 ], [ -90.32182, 38.72175 ], [ -90.32107, 38.71909 ], [ -90.31057, 38.7209 ], [ -90.31295, 38.72966 ], [ -90.31875, 38.72869 ], [ -90.31902, 38.73138 ], [ -90.32285, 38.72941 ], [ -90.32305, 38.729 ], [ -90.32436, 38.72973 ], [ -90.33073, 38.73461 ], [ -90.33135, 38.73533 ], [ -90.33459, 38.74042 ], [ -90.33476, 38.74125 ], [ -90.3327, 38.74103 ], [ -90.33266, 38.74329 ], [ -90.32995, 38.74326 ], [ -90.32992, 38.74578 ], [ -90.31909, 38.74574 ], [ -90.31886, 38.76219 ], [ -90.32511, 38.76367 ], [ -90.32494, 38.76475 ] ] ] } },
{ "type": "Feature", "properties": { "name": "Beverly Hills" }, "geometry": { "type": "Polygon", "coordinates": [ [ [ -90.28839, 38.6985 ], [ -90.29267, 38.70172 ], [ -90.29484, 38.69875 ], [ -90.28518, 38.69424 ], [ -90.28455, 38.69525 ], [ -90.28538, 38.69564 ], [ -90.28597, 38.6961 ], [ -90.28839, 38.6985 ] ] ] } },
{ "type": "Feature", "properties": { "name": "Black Jack" }, "geometry": { "type": "Polygon", "coordinates": [ [ [ -90.25178, 38.80804 ], [ -90.25178, 38.81378 ], [ -90.252, 38.81413 ], [ -90.25214, 38.81549 ], [ -90.25079, 38.81734 ], [ -90.25123, 38.81809 ], [ -90.25167, 38.81849 ], [ -90.25235, 38.81879 ], [ -90.25303, 38.81886 ], [ -90.2539, 38.81869 ], [ -90.25464, 38.81821 ], [ -90.25682, 38.81532 ], [ -90.25819, 38.81273 ], [ -90.2587, 38.8121 ], [ -90.26023, 38.811 ], [ -90.26144, 38.81049 ], [ -90.26287, 38.81016 ], [ -90.26371, 38.8101 ], [ -90.27769, 38.81061 ], [ -90.27829, 38.81048 ], [ -90.27943, 38.80992 ], [ -90.27826, 38.80878 ], [ -90.27852, 38.79912 ], [ -90.27963, 38.79912 ], [ -90.27967, 38.79726 ], [ -90.27856, 38.79725 ], [ -90.27865, 38.79363 ], [ -90.27741, 38.79335 ], [ -90.27629, 38.79334 ], [ -90.27642, 38.78803 ], [ -90.27102, 38.78799 ], [ -90.27117, 38.78723 ], [ -90.27025, 38.7856 ], [ -90.26841, 38.78358 ], [ -90.26751, 38.78296 ], [ -90.26695, 38.78336 ], [ -90.25496, 38.78324 ], [ -90.25474, 38.79329 ], [ -90.25356, 38.79408 ], [ -90.25232, 38.79515 ], [ -90.25053, 38.79621 ], [ -90.24982, 38.79647 ], [ -90.25052, 38.79743 ], [ -90.25048, 38.80803 ], [ -90.25178, 38.80804 ] ] ] } },
{ "type": "Feature", "properties": { "name": "Breckenridge Hills" }, "geometry": { "type": "Polygon", "coordinates": [ [ [ -90.36739, 38.72148 ], [ -90.36699, 38.72392 ], [ -90.36744, 38.72396 ], [ -90.36733, 38.72461 ], [ -90.37226, 38.72512 ], [ -90.3725, 38.72361 ], [ -90.37381, 38.72435 ], [ -90.37486, 38.71817 ], [ -90.37841, 38.71855 ], [ -90.37954, 38.71172 ], [ -90.37165, 38.71091 ], [ -90.37178, 38.71012 ], [ -90.36945, 38.71069 ], [ -90.36076, 38.7098 ], [ -90.35577, 38.70979 ], [ -90.35572, 38.71021 ], [ -90.35614, 38.71024 ], [ -90.35571, 38.71347 ], [ -90.35859, 38.71504 ], [ -90.35852, 38.71535 ], [ -90.3651, 38.71893 ], [ -90.36472, 38.72122 ], [ -90.36739, 38.72148 ] ] ] } },
{ "type": "Feature", "properties": { "name": "Brentwood" }, "geometry": { "type": "Polygon", "coordinates": [ [ [ -90.35762, 38.6292 ], [ -90.35758, 38.63044 ], [ -90.36229, 38.63051 ], [ -90.36241, 38.61904 ], [ -90.35514, 38.61826 ], [ -90.35623, 38.61203 ], [ -90.35755, 38.6105 ], [ -90.357, 38.61018 ], [ -90.35761, 38.60973 ], [ -90.35779, 38.60891 ], [ -90.35688, 38.6085 ], [ -90.35617, 38.60862 ], [ -90.35166, 38.6074 ], [ -90.35132, 38.60698 ], [ -90.35116, 38.60592 ], [ -90.35132, 38.60532 ], [ -90.35121, 38.60491 ], [ -90.35102, 38.60487 ], [ -90.3495, 38.6056 ], [ -90.348, 38.60561 ], [ -90.34771, 38.60571 ], [ -90.34668, 38.60665 ], [ -90.34634, 38.60907 ], [ -90.34516, 38.60952 ], [ -90.34358, 38.60982 ], [ -90.34162, 38.60972 ], [ -90.34152, 38.61029 ], [ -90.34067, 38.60999 ], [ -90.3407, 38.6098 ], [ -90.33936, 38.60932 ], [ -90.33872, 38.60949 ], [ -90.33805, 38.60994 ], [ -90.33751, 38.60993 ], [ -90.33636, 38.61016 ], [ -90.33627, 38.61016 ], [ -90.33625, 38.60965 ], [ -90.33517, 38.60965 ], [ -90.33531, 38.60996 ], [ -90.33508, 38.60997 ], [ -90.3349, 38.61036 ], [ -90.33435, 38.61082 ], [ -90.33389, 38.61164 ], [ -90.33374, 38.61211 ], [ -90.33406, 38.61292 ], [ -90.33372, 38.61317 ], [ -90.33452, 38.61676 ], [ -90.33441, 38.62348 ], [ -90.33494, 38.62458 ], [ -90.3349, 38.62928 ], [ -90.35762, 38.6292 ] ] ] } },
{ "type": "Feature", "properties": { "name": "Bridgeton" }, "geometry": { "type": "Polygon", "coordinates": [ [ [ -90.41146, 38.77527 ], [ -90.41606, 38.78032 ], [ -90.41622, 38.78113 ], [ -90.4195, 38.78684 ], [ -90.42069, 38.78798 ], [ -90.42324, 38.78948 ], [ -90.42596, 38.79238 ], [ -90.42465, 38.79318 ], [ -90.44932, 38.81965 ], [ -90.45312, 38.81433 ], [ -90.45621, 38.80926 ], [ -90.45898, 38.80597 ], [ -90.46263, 38.80297 ], [ -90.46409, 38.80155 ], [ -90.46662, 38.79826 ], [ -90.47037, 38.79403 ], [ -90.4718, 38.79223 ], [ -90.4737, 38.78923 ], [ -90.47499, 38.78647 ], [ -90.4765, 38.7809 ], [ -90.46773, 38.7803 ], [ -90.46309, 38.77911 ], [ -90.4629, 38.77929 ], [ -90.45715, 38.7777 ], [ -90.45741, 38.77809 ], [ -90.45735, 38.77821 ], [ -90.44774, 38.77547 ], [ -90.451, 38.77358 ], [ -90.44882, 38.77285 ], [ -90.45047, 38.77099 ], [ -90.44991, 38.76988 ], [ -90.44787, 38.76877 ], [ -90.45377, 38.76554 ], [ -90.44989, 38.76125 ], [ -90.4537, 38.75911 ], [ -90.45301, 38.75837 ], [ -90.45488, 38.7573 ], [ -90.4543, 38.75668 ], [ -90.45662, 38.75532 ], [ -90.43502, 38.74734 ], [ -90.4377, 38.74476 ], [ -90.43935, 38.74387 ], [ -90.43908, 38.74351 ], [ -90.43917, 38.74346 ], [ -90.43804, 38.7424 ], [ -90.4384, 38.74215 ], [ -90.4374, 38.74126 ], [ -90.43722, 38.74139 ], [ -90.43599, 38.74029 ], [ -90.43561, 38.74061 ], [ -90.43475, 38.73996 ], [ -90.43444, 38.74024 ], [ -90.43293, 38.73931 ], [ -90.43321, 38.73885 ], [ -90.432, 38.73834 ], [ -90.432, 38.73755 ], [ -90.43051, 38.73756 ], [ -90.4298, 38.73745 ], [ -90.42974, 38.73673 ], [ -90.43051, 38.73672 ], [ -90.43051, 38.73561 ], [ -90.42961, 38.73561 ], [ -90.4296, 38.73477 ], [ -90.43051, 38.73477 ], [ -90.4305, 38.73398 ], [ -90.42951, 38.73397 ], [ -90.4295, 38.73265 ], [ -90.42979, 38.73265 ], [ -90.4298, 38.73132 ], [ -90.42948, 38.73132 ], [ -90.42944, 38.72989 ], [ -90.42926, 38.72989 ], [ -90.42925, 38.72905 ], [ -90.42075, 38.72905 ], [ -90.42081, 38.72704 ], [ -90.41947, 38.72704 ], [ -90.41796, 38.7253 ], [ -90.41848, 38.72486 ], [ -90.4155, 38.72347 ], [ -90.41447, 38.72346 ], [ -90.41452, 38.72307 ], [ -90.41393, 38.72302 ], [ -90.41396, 38.72275 ], [ -90.41283, 38.72284 ], [ -90.41281, 38.72295 ], [ -90.41238, 38.72291 ], [ -90.4124, 38.72283 ], [ -90.40589, 38.72221 ], [ -90.40311, 38.73126 ], [ -90.40277, 38.73131 ], [ -90.40264, 38.73242 ], [ -90.40121, 38.73512 ], [ -90.39914, 38.73624 ], [ -90.39884, 38.7363 ], [ -90.39939, 38.73696 ], [ -90.39882, 38.73721 ], [ -90.3983, 38.73709 ], [ -90.39807, 38.73728 ], [ -90.39168, 38.73366 ], [ -90.38958, 38.73494 ], [ -90.38618, 38.74184 ], [ -90.38262, 38.74163 ], [ -90.377, 38.7465 ], [ -90.38065, 38.74862 ], [ -90.38044, 38.74878 ], [ -90.37941, 38.7481 ], [ -90.37687, 38.74964 ], [ -90.37847, 38.75092 ], [ -90.37775, 38.75147 ], [ -90.37863, 38.75229 ], [ -90.38011, 38.75122 ], [ -90.38104, 38.75197 ], [ -90.38178, 38.75116 ], [ -90.38361, 38.75265 ], [ -90.37879, 38.7556 ], [ -90.37707, 38.75726 ], [ -90.37576, 38.75816 ], [ -90.37451, 38.75942 ], [ -90.37685, 38.75954 ], [ -90.37737, 38.75984 ], [ -90.3797, 38.75998 ], [ -90.3801, 38.75973 ], [ -90.38616, 38.76005 ], [ -90.38687, 38.76016 ], [ -90.38965, 38.76146 ], [ -90.39231, 38.76319 ], [ -90.40249, 38.77125 ], [ -90.40527, 38.77325 ], [ -90.40637, 38.77386 ], [ -90.40804, 38.77455 ], [ -90.40996, 38.77506 ], [ -90.41146, 38.77527 ] ] ] } },
{ "type": "Feature", "properties": { "name": "Calverton Park" }, "geometry": { "type": "Polygon", "coordinates": [ [ [ -90.31629, 38.77115 ], [ -90.31815, 38.77138 ], [ -90.31864, 38.76861 ], [ -90.31809, 38.76855 ], [ -90.31778, 38.76821 ], [ -90.31962, 38.76721 ], [ -90.31606, 38.76325 ], [ -90.31712, 38.76266 ], [ -90.31745, 38.76187 ], [ -90.31157, 38.76052 ], [ -90.31317, 38.76251 ], [ -90.31296, 38.7626 ], [ -90.30299, 38.76159 ], [ -90.30214, 38.76654 ], [ -90.30143, 38.76688 ], [ -90.30472, 38.77052 ], [ -90.30533, 38.77019 ], [ -90.30519, 38.77002 ], [ -90.31179, 38.76671 ], [ -90.31279, 38.76828 ], [ -90.31465, 38.76753 ], [ -90.3156, 38.77128 ], [ -90.31629, 38.77115 ] ] ] } },
{ "type": "Feature", "properties": { "name": "Champ" }, "geometry": { "type": "Polygon", "coordinates": [ [ [ -90.45048, 38.75036 ], [ -90.45526, 38.75207 ], [ -90.45694, 38.75167 ], [ -90.46042, 38.7469 ], [ -90.46753, 38.74189 ], [ -90.46725, 38.74164 ], [ -90.46749, 38.74148 ], [ -90.46886, 38.74182 ], [ -90.46885, 38.74071 ], [ -90.46844, 38.74085 ], [ -90.4674, 38.74046 ], [ -90.4674, 38.74033 ], [ -90.46672, 38.74006 ], [ -90.46596, 38.73941 ], [ -90.46574, 38.73886 ], [ -90.46423, 38.73648 ], [ -90.46388, 38.73643 ], [ -90.46245, 38.73681 ], [ -90.46008, 38.73806 ], [ -90.46061, 38.73905 ], [ -90.45875, 38.7397 ], [ -90.45826, 38.73879 ], [ -90.4571, 38.73919 ], [ -90.45759, 38.74011 ], [ -90.45729, 38.74021 ], [ -90.45763, 38.74085 ], [ -90.456, 38.74141 ], [ -90.45667, 38.74273 ], [ -90.45306, 38.74382 ], [ -90.44779, 38.74272 ], [ -90.44713, 38.74145 ], [ -90.44137, 38.7422 ], [ -90.43908, 38.74351 ], [ -90.43935, 38.74387 ], [ -90.4377, 38.74476 ], [ -90.43591, 38.74653 ], [ -90.43622, 38.74663 ], [ -90.43747, 38.74656 ], [ -90.43868, 38.74592 ], [ -90.43949, 38.7452 ], [ -90.43984, 38.74529 ], [ -90.44088, 38.74557 ], [ -90.44342, 38.7493 ], [ -90.44394, 38.74976 ], [ -90.44965, 38.75185 ], [ -90.4491, 38.75108 ], [ -90.45057, 38.75062 ], [ -90.45048, 38.75036 ] ] ] } },
{ "type": "Feature", "properties": { "name": "Charlack" }, "geometry": { "type": "Polygon", "coordinates": [ [ [ -90.34349, 38.70631 ], [ -90.34856, 38.70906 ], [ -90.34944, 38.70345 ], [ -90.34514, 38.70303 ], [ -90.34407, 38.70271 ], [ -90.3444, 38.70126 ], [ -90.34388, 38.70055 ], [ -90.34578, 38.69984 ], [ -90.34584, 38.6995 ], [ -90.34211, 38.70075 ], [ -90.34265, 38.69761 ], [ -90.34165, 38.69723 ], [ -90.33907, 38.69587 ], [ -90.33812, 38.70101 ], [ -90.33838, 38.70156 ], [ -90.33554, 38.70258 ], [ -90.34317, 38.70667 ], [ -90.34349, 38.70631 ] ] ] } },
{ "type": "Feature", "properties": { "name": "Chesterfield" }, "geometry": { "type": "Polygon", "coordinates": [ [ [ -90.49554, 38.69188 ], [ -90.49779, 38.69243 ], [ -90.50104, 38.69149 ], [ -90.50236, 38.69085 ], [ -90.51054, 38.6884 ], [ -90.51592, 38.68595 ], [ -90.5307, 38.67955 ], [ -90.53058, 38.6804 ], [ -90.53073, 38.68034 ], [ -90.54014, 38.68742 ], [ -90.54173, 38.68622 ], [ -90.5457, 38.68417 ], [ -90.55095, 38.68228 ], [ -90.55422, 38.68157 ], [ -90.55586, 38.68143 ], [ -90.55659, 38.68148 ], [ -90.56074, 38.68258 ], [ -90.56467, 38.68337 ], [ -90.56677, 38.68375 ], [ -90.56999, 38.68408 ], [ -90.57193, 38.68383 ], [ -90.57947, 38.68149 ], [ -90.5815, 38.68121 ], [ -90.58487, 38.68099 ], [ -90.58983, 38.68009 ], [ -90.5948, 38.67986 ], [ -90.59743, 38.68013 ], [ -90.60206, 38.68127 ], [ -90.60655, 38.68299 ], [ -90.61194, 38.68439 ], [ -90.61416, 38.68547 ], [ -90.61909, 38.68859 ], [ -90.62165, 38.68967 ], [ -90.62381, 38.69029 ], [ -90.62576, 38.69053 ], [ -90.62715, 38.69038 ], [ -90.62842, 38.69042 ], [ -90.63163, 38.69102 ], [ -90.63361, 38.69106 ], [ -90.63519, 38.69078 ], [ -90.63754, 38.69014 ], [ -90.63894, 38.68999 ], [ -90.64034, 38.69003 ], [ -90.64195, 38.68956 ], [ -90.64369, 38.68969 ], [ -90.64671, 38.68952 ], [ -90.64875, 38.68878 ], [ -90.6501, 38.68861 ], [ -90.65472, 38.6886 ], [ -90.65816, 38.68821 ], [ -90.66032, 38.68773 ], [ -90.66293, 38.68699 ], [ -90.66819, 38.68487 ], [ -90.67059, 38.68345 ], [ -90.6717, 38.68259 ], [ -90.67246, 38.6818 ], [ -90.67423, 38.67941 ], [ -90.67542, 38.67708 ], [ -90.67583, 38.67591 ], [ -90.67696, 38.66989 ], [ -90.67692, 38.66864 ], [ -90.67928, 38.6664 ], [ -90.67585, 38.66701 ], [ -90.67139, 38.65026 ], [ -90.67128, 38.64972 ], [ -90.67137, 38.64933 ], [ -90.67404, 38.64888 ], [ -90.67445, 38.64849 ], [ -90.67469, 38.64767 ], [ -90.67443, 38.64564 ], [ -90.67357, 38.64466 ], [ -90.67282, 38.6443 ], [ -90.67175, 38.64405 ], [ -90.67149, 38.64319 ], [ -90.66519, 38.64392 ], [ -90.66404, 38.64421 ], [ -90.6558, 38.64721 ], [ -90.65079, 38.64742 ], [ -90.64969, 38.64762 ], [ -90.64798, 38.64838 ], [ -90.64551, 38.64972 ], [ -90.64518, 38.64932 ], [ -90.64314, 38.6438 ], [ -90.62554, 38.64685 ], [ -90.62585, 38.64419 ], [ -90.62471, 38.6439 ], [ -90.62376, 38.64383 ], [ -90.62253, 38.64173 ], [ -90.61987, 38.63897 ], [ -90.61473, 38.64188 ], [ -90.60316, 38.64676 ], [ -90.6032, 38.64689 ], [ -90.59625, 38.64682 ], [ -90.59623, 38.64801 ], [ -90.59513, 38.6479 ], [ -90.59523, 38.63944 ], [ -90.596, 38.63945 ], [ -90.5961, 38.63431 ], [ -90.59442, 38.6343 ], [ -90.59445, 38.63244 ], [ -90.58516, 38.63247 ], [ -90.5852, 38.63067 ], [ -90.5806, 38.63064 ], [ -90.5808, 38.62414 ], [ -90.58149, 38.62264 ], [ -90.5821, 38.62201 ], [ -90.58273, 38.62171 ], [ -90.58085, 38.62052 ], [ -90.5782, 38.61858 ], [ -90.57846, 38.61647 ], [ -90.56981, 38.61406 ], [ -90.56967, 38.6141 ], [ -90.56971, 38.61478 ], [ -90.56688, 38.61479 ], [ -90.56673, 38.62449 ], [ -90.56029, 38.62444 ], [ -90.5593, 38.62308 ], [ -90.55938, 38.61967 ], [ -90.55731, 38.61964 ], [ -90.55725, 38.61051 ], [ -90.55433, 38.61113 ], [ -90.55129, 38.61268 ], [ -90.55062, 38.61292 ], [ -90.54773, 38.61335 ], [ -90.54125, 38.61467 ], [ -90.54125, 38.61299 ], [ -90.53847, 38.61295 ], [ -90.53842, 38.61511 ], [ -90.5376, 38.61516 ], [ -90.53609, 38.61794 ], [ -90.53735, 38.61836 ], [ -90.53661, 38.61953 ], [ -90.53566, 38.62021 ], [ -90.53437, 38.62049 ], [ -90.52818, 38.62013 ], [ -90.52722, 38.62035 ], [ -90.52378, 38.62171 ], [ -90.51715, 38.62327 ], [ -90.51957, 38.62638 ], [ -90.51928, 38.62653 ], [ -90.52084, 38.63214 ], [ -90.52234, 38.63396 ], [ -90.52068, 38.63397 ], [ -90.52066, 38.63618 ], [ -90.52086, 38.63666 ], [ -90.52077, 38.63729 ], [ -90.5213, 38.6373 ], [ -90.52161, 38.64144 ], [ -90.52177, 38.64162 ], [ -90.51266, 38.6462 ], [ -90.50927, 38.64619 ], [ -90.50793, 38.64951 ], [ -90.50661, 38.64984 ], [ -90.50599, 38.65016 ], [ -90.50526, 38.65025 ], [ -90.50473, 38.65015 ], [ -90.50326, 38.64955 ], [ -90.50064, 38.64907 ], [ -90.5, 38.65223 ], [ -90.50044, 38.65239 ], [ -90.50022, 38.65348 ], [ -90.49976, 38.65344 ], [ -90.4995, 38.65471 ], [ -90.49884, 38.65465 ], [ -90.49859, 38.65657 ], [ -90.50539, 38.65742 ], [ -90.50582, 38.65764 ], [ -90.50365, 38.66091 ], [ -90.50389, 38.66179 ], [ -90.5017, 38.6653 ], [ -90.50129, 38.66664 ], [ -90.50032, 38.6668 ], [ -90.50086, 38.66732 ], [ -90.49922, 38.66737 ], [ -90.49855, 38.66679 ], [ -90.49722, 38.66672 ], [ -90.49735, 38.66708 ], [ -90.4969, 38.66735 ], [ -90.49663, 38.66738 ], [ -90.49635, 38.6666 ], [ -90.49619, 38.66656 ], [ -90.49368, 38.66669 ], [ -90.49197, 38.67096 ], [ -90.4922, 38.67161 ], [ -90.49185, 38.67203 ], [ -90.49254, 38.6722 ], [ -90.49321, 38.67191 ], [ -90.494, 38.67198 ], [ -90.49441, 38.6725 ], [ -90.49475, 38.67246 ], [ -90.49466, 38.67284 ], [ -90.49107, 38.67255 ], [ -90.48932, 38.67581 ], [ -90.49218, 38.67613 ], [ -90.49195, 38.67638 ], [ -90.49126, 38.6766 ], [ -90.49061, 38.67758 ], [ -90.48963, 38.67851 ], [ -90.48907, 38.67858 ], [ -90.48834, 38.67844 ], [ -90.48788, 38.67871 ], [ -90.4878, 38.67913 ], [ -90.48765, 38.67917 ], [ -90.48679, 38.68097 ], [ -90.48619, 38.68131 ], [ -90.48642, 38.68141 ], [ -90.48739, 38.68137 ], [ -90.48643, 38.68194 ], [ -90.48647, 38.68214 ], [ -90.4856, 38.68224 ], [ -90.48554, 38.6827 ], [ -90.48785, 38.68258 ], [ -90.48832, 38.68301 ], [ -90.48906, 38.68331 ], [ -90.49163, 38.68491 ], [ -90.49183, 38.68523 ], [ -90.49201, 38.68649 ], [ -90.49315, 38.68779 ], [ -90.49497, 38.69142 ], [ -90.49554, 38.69188 ] ] ] } },
{ "type": "Feature", "properties": { "name": "Clarkson Valley" }, "geometry": { "type": "Polygon", "coordinates": [ [ [ -90.59513, 38.6479 ], [ -90.59623, 38.64801 ], [ -90.59625, 38.64682 ], [ -90.6032, 38.64689 ], [ -90.60316, 38.64676 ], [ -90.60784, 38.64481 ], [ -90.60757, 38.64437 ], [ -90.60757, 38.64327 ], [ -90.60901, 38.64433 ], [ -90.61207, 38.64308 ], [ -90.61149, 38.64161 ], [ -90.61083, 38.63925 ], [ -90.61028, 38.63803 ], [ -90.60833, 38.63917 ], [ -90.60833, 38.63958 ], [ -90.60692, 38.63956 ], [ -90.60701, 38.63596 ], [ -90.60441, 38.63478 ], [ -90.60457, 38.63473 ], [ -90.60705, 38.63586 ], [ -90.60729, 38.63532 ], [ -90.60709, 38.63421 ], [ -90.60839, 38.63422 ], [ -90.60847, 38.62693 ], [ -90.60714, 38.62582 ], [ -90.60573, 38.62572 ], [ -90.60436, 38.62516 ], [ -90.60293, 38.6248 ], [ -90.60207, 38.62415 ], [ -90.6025, 38.62309 ], [ -90.60225, 38.62157 ], [ -90.60279, 38.62053 ], [ -90.60289, 38.61954 ], [ -90.59937, 38.61948 ], [ -90.59948, 38.61346 ], [ -90.5986, 38.6129 ], [ -90.59798, 38.61129 ], [ -90.59659, 38.61014 ], [ -90.59253, 38.60494 ], [ -90.58572, 38.60493 ], [ -90.58574, 38.60847 ], [ -90.57985, 38.60845 ], [ -90.57987, 38.60786 ], [ -90.57584, 38.60788 ], [ -90.57402, 38.61228 ], [ -90.58085, 38.61222 ], [ -90.58085, 38.6149 ], [ -90.58567, 38.61498 ], [ -90.58538, 38.61586 ], [ -90.5831, 38.6198 ], [ -90.58299, 38.6215 ], [ -90.58247, 38.62191 ], [ -90.5821, 38.62201 ], [ -90.58149, 38.62264 ], [ -90.58085, 38.62394 ], [ -90.58072, 38.62461 ], [ -90.5806, 38.63064 ], [ -90.5852, 38.63067 ], [ -90.58516, 38.63247 ], [ -90.59445, 38.63244 ], [ -90.59442, 38.6343 ], [ -90.5961, 38.63431 ], [ -90.596, 38.63945 ], [ -90.59523, 38.63944 ], [ -90.59513, 38.6479 ] ], [ [ -90.60324, 38.62561 ], [ -90.60325, 38.62687 ], [ -90.60287, 38.62687 ], [ -90.60288, 38.62561 ], [ -90.60324, 38.62561 ] ] ] } },
{ "type": "Feature", "properties": { "name": "Clayton" }, "geometry": { "type": "Polygon", "coordinates": [ [ [ -90.31568, 38.64728 ], [ -90.31596, 38.64591 ], [ -90.32942, 38.6472 ], [ -90.32875, 38.65138 ], [ -90.32981, 38.65149 ], [ -90.32963, 38.65253 ], [ -90.33519, 38.65309 ], [ -90.33468, 38.65671 ], [ -90.33996, 38.65722 ], [ -90.34002, 38.65681 ], [ -90.34811, 38.65754 ], [ -90.34804, 38.658 ], [ -90.35028, 38.65822 ], [ -90.3503, 38.65809 ], [ -90.35155, 38.65823 ], [ -90.35382, 38.65696 ], [ -90.35233, 38.65538 ], [ -90.35059, 38.65639 ], [ -90.34878, 38.65622 ], [ -90.35132, 38.63916 ], [ -90.3491, 38.63852 ], [ -90.34088, 38.63767 ], [ -90.33456, 38.63775 ], [ -90.32478, 38.63587 ], [ -90.31854, 38.635 ], [ -90.31858, 38.63476 ], [ -90.30643, 38.63362 ], [ -90.30586, 38.6358 ], [ -90.30496, 38.64104 ], [ -90.30365, 38.64486 ], [ -90.30335, 38.64609 ], [ -90.31568, 38.64728 ] ] ] } },
{ "type": "Feature", "properties": { "name": "Cool Valley" }, "geometry": { "type": "Polygon", "coordinates": [ [ [ -90.29984, 38.72945 ], [ -90.30194, 38.73008 ], [ -90.30193, 38.73036 ], [ -90.30743, 38.73098 ], [ -90.30977, 38.73138 ], [ -90.30987, 38.72735 ], [ -90.31231, 38.72736 ], [ -90.31057, 38.7209 ], [ -90.31444, 38.72025 ], [ -90.31159, 38.71927 ], [ -90.30991, 38.71897 ], [ -90.30975, 38.71851 ], [ -90.30958, 38.71848 ], [ -90.30905, 38.71914 ], [ -90.30742, 38.71946 ], [ -90.30672, 38.7205 ], [ -90.30308, 38.71909 ], [ -90.30303, 38.71886 ], [ -90.30218, 38.71898 ], [ -90.30195, 38.7197 ], [ -90.30159, 38.71995 ], [ -90.29858, 38.72959 ], [ -90.29976, 38.72932 ], [ -90.29984, 38.72945 ] ] ] } },
{ "type": "Feature", "properties": { "name": "Country Club Hills" }, "geometry": { "type": "Polygon", "coordinates": [ [ [ -90.27516, 38.71569 ], [ -90.27261, 38.71923 ], [ -90.2728, 38.71931 ], [ -90.27046, 38.72245 ], [ -90.27064, 38.72253 ], [ -90.27043, 38.72282 ], [ -90.27261, 38.72417 ], [ -90.27445, 38.72559 ], [ -90.27505, 38.72627 ], [ -90.27638, 38.72502 ], [ -90.27912, 38.7211 ], [ -90.27665, 38.71998 ], [ -90.27896, 38.71683 ], [ -90.2759, 38.71545 ], [ -90.27558, 38.71587 ], [ -90.27516, 38.71569 ] ] ] } },
{ "type": "Feature", "properties": { "name": "Country Life Acres" }, "geometry": { "type": "Polygon", "coordinates": [ [ [ -90.45311, 38.61877 ], [ -90.45305, 38.62577 ], [ -90.45774, 38.62575 ], [ -90.45781, 38.61879 ], [ -90.45311, 38.61877 ] ] ] } },
{ "type": "Feature", "properties": { "name": "Crestwood" }, "geometry": { "type": "Polygon", "coordinates": [ [ [ -90.37235, 38.56839 ], [ -90.37717, 38.57348 ], [ -90.38032, 38.57263 ], [ -90.38373, 38.57206 ], [ -90.38575, 38.57081 ], [ -90.38627, 38.57074 ], [ -90.39136, 38.56779 ], [ -90.39285, 38.5677 ], [ -90.39752, 38.56776 ], [ -90.39772, 38.5592 ], [ -90.3984, 38.55922 ], [ -90.39802, 38.55625 ], [ -90.39784, 38.55626 ], [ -90.39767, 38.5545 ], [ -90.39789, 38.55448 ], [ -90.39811, 38.54456 ], [ -90.398, 38.54449 ], [ -90.39358, 38.54442 ], [ -90.39171, 38.54571 ], [ -90.38996, 38.54445 ], [ -90.38958, 38.54432 ], [ -90.36628, 38.54419 ], [ -90.36612, 38.54409 ], [ -90.36046, 38.54984 ], [ -90.36069, 38.55061 ], [ -90.36046, 38.55181 ], [ -90.36166, 38.55289 ], [ -90.36141, 38.5535 ], [ -90.36216, 38.55384 ], [ -90.36276, 38.55482 ], [ -90.36359, 38.55566 ], [ -90.362, 38.55737 ], [ -90.35331, 38.55147 ], [ -90.35169, 38.5529 ], [ -90.35135, 38.553 ], [ -90.35194, 38.55341 ], [ -90.34995, 38.5552 ], [ -90.35252, 38.55691 ], [ -90.35275, 38.55691 ], [ -90.35278, 38.56076 ], [ -90.35147, 38.55975 ], [ -90.3513, 38.5599 ], [ -90.35085, 38.55957 ], [ -90.35104, 38.5594 ], [ -90.35034, 38.55888 ], [ -90.34933, 38.55978 ], [ -90.35145, 38.56146 ], [ -90.35448, 38.56253 ], [ -90.35789, 38.56283 ], [ -90.35916, 38.56426 ], [ -90.35924, 38.56501 ], [ -90.36319, 38.56433 ], [ -90.36488, 38.56384 ], [ -90.36812, 38.56252 ], [ -90.36758, 38.56336 ], [ -90.36962, 38.56335 ], [ -90.37235, 38.56839 ] ] ] } },
{ "type": "Feature", "properties": { "name": "Creve Coeur" }, "geometry": { "type": "Polygon", "coordinates": [ [ [ -90.39491, 38.67343 ], [ -90.39466, 38.68523 ], [ -90.39479, 38.68595 ], [ -90.40574, 38.68733 ], [ -90.40513, 38.68603 ], [ -90.40472, 38.6857 ], [ -90.40442, 38.68364 ], [ -90.40442, 38.68177 ], [ -90.40425, 38.68177 ], [ -90.40429, 38.67866 ], [ -90.40478, 38.6768 ], [ -90.40629, 38.6768 ], [ -90.4063, 38.67634 ], [ -90.40815, 38.67635 ], [ -90.40815, 38.6761 ], [ -90.41043, 38.67627 ], [ -90.41166, 38.67624 ], [ -90.41165, 38.67686 ], [ -90.41291, 38.6771 ], [ -90.41347, 38.67734 ], [ -90.41347, 38.67712 ], [ -90.42003, 38.67721 ], [ -90.41857, 38.6752 ], [ -90.42129, 38.67399 ], [ -90.42169, 38.67455 ], [ -90.42252, 38.67418 ], [ -90.42367, 38.67427 ], [ -90.4241, 38.67494 ], [ -90.42504, 38.6747 ], [ -90.4247, 38.67422 ], [ -90.42568, 38.674 ], [ -90.42727, 38.67331 ], [ -90.42736, 38.67342 ], [ -90.42675, 38.67369 ], [ -90.42689, 38.67388 ], [ -90.42753, 38.67366 ], [ -90.4277, 38.6739 ], [ -90.42737, 38.67405 ], [ -90.42766, 38.67455 ], [ -90.42778, 38.6745 ], [ -90.42774, 38.67483 ], [ -90.42822, 38.67462 ], [ -90.42878, 38.67541 ], [ -90.43016, 38.6748 ], [ -90.42864, 38.67269 ], [ -90.43022, 38.67192 ], [ -90.43079, 38.67178 ], [ -90.4325, 38.6718 ], [ -90.43397, 38.67383 ], [ -90.43467, 38.67352 ], [ -90.43622, 38.67569 ], [ -90.43646, 38.67558 ], [ -90.43643, 38.67571 ], [ -90.43734, 38.67562 ], [ -90.43737, 38.67549 ], [ -90.4384, 38.67541 ], [ -90.43994, 38.6747 ], [ -90.43968, 38.67434 ], [ -90.44146, 38.67397 ], [ -90.44329, 38.67439 ], [ -90.44328, 38.67577 ], [ -90.44583, 38.6758 ], [ -90.44584, 38.67309 ], [ -90.44633, 38.67304 ], [ -90.44722, 38.67339 ], [ -90.44722, 38.6758 ], [ -90.4488, 38.6758 ], [ -90.44815, 38.6726 ], [ -90.45842, 38.67446 ], [ -90.45827, 38.67486 ], [ -90.45876, 38.6749 ], [ -90.45869, 38.67557 ], [ -90.45881, 38.67558 ], [ -90.45866, 38.6758 ], [ -90.46055, 38.67667 ], [ -90.46147, 38.67567 ], [ -90.46484, 38.67719 ], [ -90.4616, 38.6797 ], [ -90.46736, 38.68028 ], [ -90.46727, 38.67895 ], [ -90.46781, 38.67924 ], [ -90.46825, 38.67864 ], [ -90.46903, 38.679 ], [ -90.46904, 38.6785 ], [ -90.46973, 38.67878 ], [ -90.46968, 38.67893 ], [ -90.47076, 38.6793 ], [ -90.47121, 38.6797 ], [ -90.47149, 38.67965 ], [ -90.47387, 38.68069 ], [ -90.47711, 38.68135 ], [ -90.47937, 38.68232 ], [ -90.47934, 38.68242 ], [ -90.48035, 38.68295 ], [ -90.48074, 38.68288 ], [ -90.48212, 38.68312 ], [ -90.484, 38.6828 ], [ -90.48554, 38.6827 ], [ -90.4856, 38.68224 ], [ -90.48647, 38.68214 ], [ -90.48644, 38.68194 ], [ -90.48739, 38.68137 ], [ -90.48642, 38.68141 ], [ -90.48619, 38.68131 ], [ -90.48679, 38.68097 ], [ -90.48765, 38.67917 ], [ -90.4878, 38.67913 ], [ -90.48788, 38.67871 ], [ -90.48834, 38.67844 ], [ -90.48907, 38.67858 ], [ -90.48963, 38.67851 ], [ -90.49061, 38.67758 ], [ -90.49126, 38.6766 ], [ -90.49195, 38.67638 ], [ -90.49218, 38.67613 ], [ -90.48932, 38.67581 ], [ -90.49107, 38.67255 ], [ -90.49066, 38.67252 ], [ -90.49144, 38.67087 ], [ -90.49074, 38.67068 ], [ -90.49091, 38.67039 ], [ -90.49068, 38.67018 ], [ -90.49065, 38.66991 ], [ -90.49027, 38.66992 ], [ -90.48982, 38.67015 ], [ -90.48932, 38.66996 ], [ -90.48914, 38.67025 ], [ -90.48831, 38.67012 ], [ -90.4879, 38.66981 ], [ -90.48831, 38.66946 ], [ -90.48801, 38.66916 ], [ -90.48757, 38.66942 ], [ -90.48775, 38.66924 ], [ -90.48736, 38.66923 ], [ -90.48736, 38.67066 ], [ -90.48642, 38.66997 ], [ -90.48598, 38.67026 ], [ -90.48559, 38.67076 ], [ -90.48514, 38.6708 ], [ -90.48493, 38.67137 ], [ -90.48452, 38.67145 ], [ -90.48398, 38.67133 ], [ -90.48436, 38.67109 ], [ -90.48373, 38.67086 ], [ -90.48353, 38.67121 ], [ -90.48311, 38.67124 ], [ -90.48322, 38.67096 ], [ -90.48313, 38.67073 ], [ -90.48274, 38.671 ], [ -90.48237, 38.67101 ], [ -90.48201, 38.67084 ], [ -90.48196, 38.67112 ], [ -90.48176, 38.67124 ], [ -90.48162, 38.6712 ], [ -90.48224, 38.66862 ], [ -90.47897, 38.6683 ], [ -90.47946, 38.66614 ], [ -90.47739, 38.66591 ], [ -90.47813, 38.66282 ], [ -90.47796, 38.66281 ], [ -90.47804, 38.66101 ], [ -90.47855, 38.66069 ], [ -90.47984, 38.66066 ], [ -90.48069, 38.66047 ], [ -90.48088, 38.66027 ], [ -90.48128, 38.65898 ], [ -90.48143, 38.65766 ], [ -90.4815, 38.65787 ], [ -90.48168, 38.65405 ], [ -90.48417, 38.65411 ], [ -90.48416, 38.65252 ], [ -90.47959, 38.65246 ], [ -90.47934, 38.64826 ], [ -90.48225, 38.64827 ], [ -90.48095, 38.64084 ], [ -90.46911, 38.64085 ], [ -90.46917, 38.64451 ], [ -90.46705, 38.64451 ], [ -90.46702, 38.64085 ], [ -90.45285, 38.64079 ], [ -90.45285, 38.64071 ], [ -90.45244, 38.64071 ], [ -90.452, 38.64032 ], [ -90.44338, 38.64034 ], [ -90.44331, 38.64808 ], [ -90.42937, 38.64805 ], [ -90.41522, 38.64775 ], [ -90.40529, 38.64769 ], [ -90.40512, 38.66119 ], [ -90.39463, 38.66107 ], [ -90.39437, 38.67333 ], [ -90.39491, 38.67343 ] ] ] } },
{ "type": "Feature", "properties": { "name": "Crystal Lake Park" }, "geometry": { "type": "Polygon", "coordinates": [ [ [ -90.42973, 38.61852 ], [ -90.42965, 38.62398 ], [ -90.43422, 38.62402 ], [ -90.43442, 38.61855 ], [ -90.42973, 38.61852 ] ] ] } },
{ "type": "Feature", "properties": { "name": "Dellwood" }, "geometry": { "type": "Polygon", "coordinates": [ [ [ -90.26872, 38.7641 ], [ -90.26874, 38.76906 ], [ -90.27357, 38.76912 ], [ -90.27359, 38.76648 ], [ -90.27462, 38.7665 ], [ -90.27461, 38.76454 ], [ -90.27605, 38.76454 ], [ -90.27605, 38.76419 ], [ -90.27971, 38.76425 ], [ -90.27993, 38.75633 ], [ -90.28842, 38.75623 ], [ -90.28849, 38.75608 ], [ -90.28872, 38.75608 ], [ -90.2891, 38.75635 ], [ -90.29087, 38.75489 ], [ -90.2906, 38.75421 ], [ -90.29088, 38.75399 ], [ -90.28626, 38.75399 ], [ -90.28634, 38.74932 ], [ -90.28551, 38.74404 ], [ -90.27625, 38.74495 ], [ -90.2769, 38.74928 ], [ -90.27541, 38.74927 ], [ -90.27536, 38.74896 ], [ -90.27432, 38.74907 ], [ -90.27435, 38.74927 ], [ -90.27497, 38.74928 ], [ -90.27487, 38.75352 ], [ -90.27231, 38.75348 ], [ -90.27222, 38.75678 ], [ -90.26987, 38.75676 ], [ -90.26987, 38.7589 ], [ -90.26883, 38.75918 ], [ -90.26733, 38.76015 ], [ -90.26718, 38.75989 ], [ -90.26675, 38.75969 ], [ -90.2657, 38.75963 ], [ -90.26575, 38.75794 ], [ -90.2661, 38.75794 ], [ -90.26611, 38.75763 ], [ -90.26447, 38.75761 ], [ -90.26448, 38.75713 ], [ -90.26338, 38.75738 ], [ -90.26326, 38.75671 ], [ -90.26309, 38.7567 ], [ -90.26316, 38.75731 ], [ -90.26153, 38.75762 ], [ -90.26317, 38.75936 ], [ -90.26401, 38.75997 ], [ -90.26356, 38.76124 ], [ -90.26442, 38.76126 ], [ -90.26441, 38.76403 ], [ -90.26872, 38.7641 ] ] ] } },
{ "type": "Feature", "properties": { "name": "Des Peres" }, "geometry": { "type": "Polygon", "coordinates": [ [ [ -90.42677, 38.61847 ], [ -90.4484, 38.61867 ], [ -90.4487, 38.60402 ], [ -90.45607, 38.60405 ], [ -90.45992, 38.60439 ], [ -90.46236, 38.60423 ], [ -90.46313, 38.60408 ], [ -90.46643, 38.60409 ], [ -90.46665, 38.60396 ], [ -90.46742, 38.60396 ], [ -90.46742, 38.60232 ], [ -90.47163, 38.60232 ], [ -90.47162, 38.60052 ], [ -90.47252, 38.60052 ], [ -90.47258, 38.59945 ], [ -90.47389, 38.59945 ], [ -90.47387, 38.59685 ], [ -90.4675, 38.59681 ], [ -90.46751, 38.59275 ], [ -90.47145, 38.59157 ], [ -90.47105, 38.5909 ], [ -90.46881, 38.5915 ], [ -90.46753, 38.59143 ], [ -90.46754, 38.58956 ], [ -90.46682, 38.58954 ], [ -90.46744, 38.58924 ], [ -90.4685, 38.58841 ], [ -90.46816, 38.58796 ], [ -90.4688, 38.58765 ], [ -90.46741, 38.5859 ], [ -90.46593, 38.5886 ], [ -90.46277, 38.58854 ], [ -90.46281, 38.58656 ], [ -90.46554, 38.58655 ], [ -90.46669, 38.58485 ], [ -90.46485, 38.5788 ], [ -90.46151, 38.5798 ], [ -90.46151, 38.57908 ], [ -90.46242, 38.57909 ], [ -90.46331, 38.57865 ], [ -90.46375, 38.57812 ], [ -90.46315, 38.57783 ], [ -90.46281, 38.57818 ], [ -90.46254, 38.57828 ], [ -90.46145, 38.57834 ], [ -90.46119, 38.5782 ], [ -90.46128, 38.57725 ], [ -90.4593, 38.5769 ], [ -90.45939, 38.57591 ], [ -90.4599, 38.57599 ], [ -90.45996, 38.57536 ], [ -90.45963, 38.57531 ], [ -90.45966, 38.5752 ], [ -90.45978, 38.57522 ], [ -90.45983, 38.57405 ], [ -90.45948, 38.57393 ], [ -90.45949, 38.57328 ], [ -90.45852, 38.57305 ], [ -90.45853, 38.57263 ], [ -90.4599, 38.57233 ], [ -90.45948, 38.57205 ], [ -90.45506, 38.57273 ], [ -90.45245, 38.57257 ], [ -90.45001, 38.57276 ], [ -90.44852, 38.57312 ], [ -90.44781, 38.57312 ], [ -90.44601, 38.57358 ], [ -90.44547, 38.57372 ], [ -90.44517, 38.57399 ], [ -90.44425, 38.57425 ], [ -90.44422, 38.57601 ], [ -90.44587, 38.57802 ], [ -90.44655, 38.57922 ], [ -90.44643, 38.57953 ], [ -90.44681, 38.58167 ], [ -90.44604, 38.58199 ], [ -90.44415, 38.58196 ], [ -90.44369, 38.58389 ], [ -90.44361, 38.5847 ], [ -90.44389, 38.58528 ], [ -90.4437, 38.58537 ], [ -90.44504, 38.58645 ], [ -90.44539, 38.58725 ], [ -90.44527, 38.58786 ], [ -90.44437, 38.58942 ], [ -90.44408, 38.59035 ], [ -90.444, 38.59668 ], [ -90.42527, 38.59647 ], [ -90.42512, 38.61449 ], [ -90.42686, 38.61428 ], [ -90.42677, 38.61847 ] ] ] } },
{ "type": "Feature", "properties": { "name": "Edmundson" }, "geometry": { "type": "Polygon", "coordinates": [ [ [ -90.36027, 38.73843 ], [ -90.36441, 38.74042 ], [ -90.36473, 38.73845 ], [ -90.3654, 38.73825 ], [ -90.36814, 38.73851 ], [ -90.36887, 38.7388 ], [ -90.36991, 38.73897 ], [ -90.37117, 38.73141 ], [ -90.36276, 38.7306 ], [ -90.3622, 38.73406 ], [ -90.36099, 38.73393 ], [ -90.36027, 38.73843 ] ] ] } },
{ "type": "Feature", "properties": { "name": "Ellisville" }, "geometry": { "type": "Polygon", "coordinates": [ [ [ -90.58084, 38.60474 ], [ -90.58081, 38.60845 ], [ -90.58574, 38.60847 ], [ -90.58572, 38.60493 ], [ -90.60313, 38.60479 ], [ -90.60318, 38.60121 ], [ -90.60211, 38.60121 ], [ -90.60221, 38.59832 ], [ -90.60338, 38.59831 ], [ -90.6034, 38.59761 ], [ -90.60261, 38.59754 ], [ -90.60255, 38.59666 ], [ -90.60169, 38.59556 ], [ -90.60173, 38.59427 ], [ -90.60919, 38.59433 ], [ -90.60915, 38.5939 ], [ -90.61816, 38.59398 ], [ -90.61824, 38.59032 ], [ -90.61402, 38.5903 ], [ -90.61432, 38.58369 ], [ -90.61122, 38.58542 ], [ -90.60939, 38.58631 ], [ -90.6085, 38.58663 ], [ -90.60398, 38.58781 ], [ -90.60342, 38.58671 ], [ -90.60479, 38.58674 ], [ -90.60489, 38.58319 ], [ -90.60014, 38.58317 ], [ -90.60015, 38.58096 ], [ -90.60314, 38.58097 ], [ -90.60309, 38.57996 ], [ -90.60168, 38.57996 ], [ -90.60168, 38.57778 ], [ -90.60239, 38.57779 ], [ -90.60231, 38.57763 ], [ -90.60131, 38.57727 ], [ -90.60059, 38.5772 ], [ -90.60059, 38.57516 ], [ -90.6042, 38.57332 ], [ -90.60422, 38.57257 ], [ -90.60453, 38.57258 ], [ -90.60452, 38.57316 ], [ -90.60507, 38.57289 ], [ -90.60517, 38.5688 ], [ -90.60448, 38.56904 ], [ -90.60388, 38.56884 ], [ -90.60268, 38.56961 ], [ -90.6018, 38.56975 ], [ -90.60105, 38.57097 ], [ -90.60024, 38.57184 ], [ -90.59915, 38.57155 ], [ -90.59817, 38.57154 ], [ -90.59816, 38.57243 ], [ -90.5922, 38.57247 ], [ -90.59227, 38.56704 ], [ -90.58634, 38.56703 ], [ -90.58598, 38.56766 ], [ -90.58597, 38.5682 ], [ -90.5863, 38.56948 ], [ -90.58627, 38.57153 ], [ -90.58249, 38.57156 ], [ -90.5826, 38.57172 ], [ -90.58143, 38.5724 ], [ -90.5817, 38.57301 ], [ -90.58339, 38.57546 ], [ -90.58475, 38.57547 ], [ -90.58539, 38.5766 ], [ -90.58416, 38.57667 ], [ -90.58512, 38.57903 ], [ -90.57665, 38.57899 ], [ -90.5765, 38.58595 ], [ -90.57603, 38.58595 ], [ -90.57589, 38.58641 ], [ -90.56713, 38.5864 ], [ -90.56714, 38.58572 ], [ -90.56477, 38.5857 ], [ -90.56477, 38.5846 ], [ -90.56714, 38.58461 ], [ -90.56714, 38.58295 ], [ -90.56582, 38.58291 ], [ -90.56523, 38.58265 ], [ -90.56241, 38.58264 ], [ -90.5624, 38.58802 ], [ -90.55851, 38.588 ], [ -90.55846, 38.59285 ], [ -90.57108, 38.59275 ], [ -90.57105, 38.60111 ], [ -90.56949, 38.60131 ], [ -90.57109, 38.60762 ], [ -90.57218, 38.60723 ], [ -90.57554, 38.60519 ], [ -90.57629, 38.6049 ], [ -90.57713, 38.60479 ], [ -90.58084, 38.60474 ] ] ] } },
{ "type": "Feature", "properties": { "name": "Eureka" }, "geometry": { "type": "Polygon", "coordinates": [ [ [ -90.62699, 38.51699 ], [ -90.62743, 38.51777 ], [ -90.62862, 38.52082 ], [ -90.62981, 38.52217 ], [ -90.63056, 38.52355 ], [ -90.63116, 38.52415 ], [ -90.63363, 38.5242 ], [ -90.6339, 38.51712 ], [ -90.631, 38.51706 ], [ -90.63102, 38.51679 ], [ -90.63867, 38.51693 ], [ -90.63847, 38.52063 ], [ -90.64555, 38.52076 ], [ -90.6459, 38.52141 ], [ -90.64582, 38.52161 ], [ -90.64788, 38.52166 ], [ -90.64799, 38.51863 ], [ -90.65094, 38.5201 ], [ -90.65242, 38.52132 ], [ -90.65274, 38.52145 ], [ -90.65291, 38.51725 ], [ -90.66073, 38.51743 ], [ -90.66095, 38.51777 ], [ -90.66167, 38.51745 ], [ -90.68041, 38.51819 ], [ -90.68044, 38.51616 ], [ -90.68156, 38.51496 ], [ -90.68078, 38.51369 ], [ -90.68078, 38.51092 ], [ -90.69, 38.51118 ], [ -90.69038, 38.5036 ], [ -90.6936, 38.50275 ], [ -90.69454, 38.50297 ], [ -90.70432, 38.50155 ], [ -90.70577, 38.50129 ], [ -90.70901, 38.50035 ], [ -90.70905, 38.49686 ], [ -90.69581, 38.49645 ], [ -90.69545, 38.49621 ], [ -90.69715, 38.49446 ], [ -90.69485, 38.49308 ], [ -90.69782, 38.49013 ], [ -90.69587, 38.49032 ], [ -90.69458, 38.48918 ], [ -90.69491, 38.48902 ], [ -90.6906, 38.48894 ], [ -90.69062, 38.48728 ], [ -90.69074, 38.48722 ], [ -90.69014, 38.48708 ], [ -90.6904, 38.48637 ], [ -90.69063, 38.4863 ], [ -90.68722, 38.48154 ], [ -90.68294, 38.48342 ], [ -90.6829, 38.48326 ], [ -90.67997, 38.48357 ], [ -90.67574, 38.48293 ], [ -90.67562, 38.48377 ], [ -90.67652, 38.48391 ], [ -90.67641, 38.48629 ], [ -90.67604, 38.48645 ], [ -90.67643, 38.48702 ], [ -90.67586, 38.48727 ], [ -90.67626, 38.4888 ], [ -90.67631, 38.48981 ], [ -90.67685, 38.4914 ], [ -90.67777, 38.49301 ], [ -90.67178, 38.49564 ], [ -90.66953, 38.49249 ], [ -90.66548, 38.4943 ], [ -90.66399, 38.49221 ], [ -90.6645, 38.49211 ], [ -90.66459, 38.49249 ], [ -90.66479, 38.49255 ], [ -90.66503, 38.49296 ], [ -90.66603, 38.49255 ], [ -90.66665, 38.49213 ], [ -90.66706, 38.4915 ], [ -90.66707, 38.49113 ], [ -90.66828, 38.49126 ], [ -90.66885, 38.49005 ], [ -90.66858, 38.48933 ], [ -90.66863, 38.48887 ], [ -90.66924, 38.48789 ], [ -90.6679, 38.48773 ], [ -90.66805, 38.48479 ], [ -90.66912, 38.4845 ], [ -90.66976, 38.48452 ], [ -90.67021, 38.48486 ], [ -90.67058, 38.48561 ], [ -90.67175, 38.48624 ], [ -90.67234, 38.48582 ], [ -90.67288, 38.48497 ], [ -90.67469, 38.48507 ], [ -90.67501, 38.48496 ], [ -90.6747, 38.48453 ], [ -90.67331, 38.48401 ], [ -90.67344, 38.48335 ], [ -90.67224, 38.48282 ], [ -90.67055, 38.48359 ], [ -90.66946, 38.48106 ], [ -90.66879, 38.48 ], [ -90.66663, 38.48096 ], [ -90.6655, 38.47939 ], [ -90.66736, 38.47856 ], [ -90.66746, 38.47833 ], [ -90.6667, 38.47796 ], [ -90.66582, 38.47834 ], [ -90.66556, 38.47798 ], [ -90.66475, 38.47834 ], [ -90.66435, 38.47778 ], [ -90.66134, 38.47912 ], [ -90.66118, 38.4797 ], [ -90.6597, 38.48265 ], [ -90.65794, 38.48467 ], [ -90.65719, 38.48573 ], [ -90.65624, 38.48633 ], [ -90.65554, 38.48704 ], [ -90.65404, 38.48769 ], [ -90.65162, 38.48818 ], [ -90.65041, 38.48824 ], [ -90.65014, 38.48817 ], [ -90.6492, 38.48832 ], [ -90.64707, 38.48824 ], [ -90.64521, 38.48813 ], [ -90.63996, 38.48718 ], [ -90.63836, 38.4868 ], [ -90.63789, 38.48685 ], [ -90.634, 38.48598 ], [ -90.63323, 38.48564 ], [ -90.63182, 38.48382 ], [ -90.62976, 38.48191 ], [ -90.62932, 38.48134 ], [ -90.62872, 38.47965 ], [ -90.62847, 38.47816 ], [ -90.62777, 38.47702 ], [ -90.62634, 38.47584 ], [ -90.62604, 38.48024 ], [ -90.62411, 38.48019 ], [ -90.62433, 38.48037 ], [ -90.62331, 38.48128 ], [ -90.62327, 38.48181 ], [ -90.62343, 38.48231 ], [ -90.62438, 38.48263 ], [ -90.62533, 38.48263 ], [ -90.62528, 38.48385 ], [ -90.62596, 38.48388 ], [ -90.62436, 38.48391 ], [ -90.62482, 38.48539 ], [ -90.6238, 38.48526 ], [ -90.62516, 38.48978 ], [ -90.62501, 38.48976 ], [ -90.62483, 38.48922 ], [ -90.62446, 38.4891 ], [ -90.62465, 38.48872 ], [ -90.62064, 38.48736 ], [ -90.62088, 38.4869 ], [ -90.61917, 38.48632 ], [ -90.62371, 38.48538 ], [ -90.62334, 38.48427 ], [ -90.61656, 38.48457 ], [ -90.61653, 38.48543 ], [ -90.61856, 38.48612 ], [ -90.61681, 38.48878 ], [ -90.61574, 38.48843 ], [ -90.61519, 38.48936 ], [ -90.6162, 38.48971 ], [ -90.61601, 38.49 ], [ -90.6158, 38.49009 ], [ -90.61435, 38.4896 ], [ -90.61225, 38.49354 ], [ -90.6117, 38.49336 ], [ -90.61118, 38.49432 ], [ -90.61079, 38.49449 ], [ -90.5947, 38.49433 ], [ -90.59402, 38.49486 ], [ -90.59367, 38.4953 ], [ -90.59332, 38.49651 ], [ -90.59256, 38.49773 ], [ -90.59123, 38.50176 ], [ -90.60761, 38.50176 ], [ -90.60661, 38.5037 ], [ -90.61286, 38.5047 ], [ -90.6118, 38.50588 ], [ -90.61123, 38.50678 ], [ -90.61087, 38.50768 ], [ -90.61003, 38.51109 ], [ -90.60798, 38.51657 ], [ -90.60875, 38.51693 ], [ -90.6102, 38.51739 ], [ -90.61301, 38.51769 ], [ -90.6135, 38.51793 ], [ -90.6142, 38.51852 ], [ -90.61513, 38.51892 ], [ -90.61707, 38.51932 ], [ -90.6171, 38.51951 ], [ -90.61736, 38.5197 ], [ -90.62084, 38.52101 ], [ -90.62116, 38.52129 ], [ -90.62135, 38.52168 ], [ -90.62474, 38.52259 ], [ -90.6256, 38.523 ], [ -90.62702, 38.52253 ], [ -90.6263, 38.52062 ], [ -90.62419, 38.51709 ], [ -90.6259, 38.51706 ], [ -90.62702, 38.5194 ], [ -90.62771, 38.5192 ], [ -90.62677, 38.51698 ], [ -90.62699, 38.51699 ] ], [ [ -90.62514, 38.492 ], [ -90.62535, 38.49055 ], [ -90.62695, 38.4907 ], [ -90.62753, 38.49088 ], [ -90.627, 38.49191 ], [ -90.62627, 38.49167 ], [ -90.62514, 38.492 ] ] ] } },
{ "type": "Feature", "properties": { "name": "Fenton" }, "geometry": { "type": "Polygon", "coordinates": [ [ [ -90.439, 38.54455 ], [ -90.44673, 38.55821 ], [ -90.44871, 38.55729 ], [ -90.45105, 38.55601 ], [ -90.45313, 38.55508 ], [ -90.45443, 38.55466 ], [ -90.45576, 38.55433 ], [ -90.45611, 38.55434 ], [ -90.45733, 38.55391 ], [ -90.46052, 38.55317 ], [ -90.46218, 38.55225 ], [ -90.46355, 38.55213 ], [ -90.46731, 38.5508 ], [ -90.46959, 38.54964 ], [ -90.47164, 38.54812 ], [ -90.47216, 38.54797 ], [ -90.47326, 38.54731 ], [ -90.47349, 38.54083 ], [ -90.47475, 38.54053 ], [ -90.47494, 38.54103 ], [ -90.47672, 38.54059 ], [ -90.47635, 38.53845 ], [ -90.47501, 38.53844 ], [ -90.47525, 38.53985 ], [ -90.47366, 38.54026 ], [ -90.47394, 38.53151 ], [ -90.47376, 38.52361 ], [ -90.46205, 38.52236 ], [ -90.46053, 38.52204 ], [ -90.45896, 38.52138 ], [ -90.45067, 38.5168 ], [ -90.45107, 38.51635 ], [ -90.45182, 38.51648 ], [ -90.45204, 38.5138 ], [ -90.45047, 38.512 ], [ -90.45074, 38.51186 ], [ -90.45116, 38.51141 ], [ -90.45108, 38.51131 ], [ -90.45256, 38.50974 ], [ -90.45367, 38.50903 ], [ -90.45435, 38.50831 ], [ -90.45429, 38.50792 ], [ -90.45643, 38.50533 ], [ -90.457, 38.50479 ], [ -90.45804, 38.50444 ], [ -90.45816, 38.50387 ], [ -90.45845, 38.50339 ], [ -90.46139, 38.50126 ], [ -90.40538, 38.50061 ], [ -90.40545, 38.501 ], [ -90.40575, 38.50134 ], [ -90.40568, 38.50159 ], [ -90.40611, 38.50265 ], [ -90.40697, 38.50352 ], [ -90.40828, 38.50415 ], [ -90.40862, 38.50405 ], [ -90.40933, 38.50421 ], [ -90.41054, 38.50423 ], [ -90.41079, 38.50439 ], [ -90.41163, 38.50429 ], [ -90.4121, 38.50442 ], [ -90.41281, 38.50434 ], [ -90.41328, 38.50409 ], [ -90.41334, 38.5039 ], [ -90.41252, 38.50336 ], [ -90.41246, 38.50294 ], [ -90.41287, 38.50263 ], [ -90.41349, 38.50245 ], [ -90.41449, 38.50345 ], [ -90.41489, 38.50341 ], [ -90.41573, 38.50358 ], [ -90.4166, 38.50393 ], [ -90.41711, 38.50398 ], [ -90.41756, 38.50442 ], [ -90.41846, 38.50457 ], [ -90.4187, 38.50433 ], [ -90.4188, 38.50367 ], [ -90.419, 38.50343 ], [ -90.4194, 38.50323 ], [ -90.41977, 38.50323 ], [ -90.42043, 38.50275 ], [ -90.42081, 38.50287 ], [ -90.42095, 38.50304 ], [ -90.42095, 38.50399 ], [ -90.42151, 38.50472 ], [ -90.42151, 38.50494 ], [ -90.42216, 38.50481 ], [ -90.42354, 38.5057 ], [ -90.42404, 38.5062 ], [ -90.42408, 38.50654 ], [ -90.42437, 38.50658 ], [ -90.42446, 38.5067 ], [ -90.42456, 38.5075 ], [ -90.42556, 38.50828 ], [ -90.42624, 38.50901 ], [ -90.42664, 38.5092 ], [ -90.42693, 38.50953 ], [ -90.43007, 38.51184 ], [ -90.43378, 38.51355 ], [ -90.43514, 38.51404 ], [ -90.43594, 38.51466 ], [ -90.43615, 38.51522 ], [ -90.43602, 38.51618 ], [ -90.43622, 38.51684 ], [ -90.43591, 38.52138 ], [ -90.43601, 38.52347 ], [ -90.43566, 38.52634 ], [ -90.43536, 38.52761 ], [ -90.43525, 38.53057 ], [ -90.43549, 38.53222 ], [ -90.43523, 38.53848 ], [ -90.43426, 38.54242 ], [ -90.43458, 38.54425 ], [ -90.43489, 38.54498 ], [ -90.43696, 38.545 ], [ -90.44295, 38.54291 ], [ -90.44312, 38.54318 ], [ -90.439, 38.54455 ] ] ] } },
{ "type": "Feature", "properties": { "name": "Ferguson" }, "geometry": { "type": "Polygon", "coordinates": [ [ [ -90.25999, 38.7675 ], [ -90.26056, 38.77076 ], [ -90.27523, 38.77095 ], [ -90.29487, 38.77142 ], [ -90.29945, 38.77172 ], [ -90.30751, 38.77254 ], [ -90.30531, 38.76996 ], [ -90.30519, 38.77002 ], [ -90.30533, 38.77019 ], [ -90.30472, 38.77052 ], [ -90.30143, 38.76688 ], [ -90.30214, 38.76654 ], [ -90.30299, 38.76159 ], [ -90.31296, 38.7626 ], [ -90.31134, 38.76064 ], [ -90.31157, 38.76052 ], [ -90.31886, 38.76219 ], [ -90.31909, 38.74574 ], [ -90.31897, 38.74574 ], [ -90.31897, 38.74426 ], [ -90.3182, 38.74424 ], [ -90.31819, 38.74411 ], [ -90.31828, 38.73153 ], [ -90.319, 38.73128 ], [ -90.31875, 38.72869 ], [ -90.31295, 38.72966 ], [ -90.31231, 38.72736 ], [ -90.30987, 38.72735 ], [ -90.30977, 38.73138 ], [ -90.30743, 38.73098 ], [ -90.30193, 38.73036 ], [ -90.30194, 38.73008 ], [ -90.29984, 38.72945 ], [ -90.29976, 38.72932 ], [ -90.29858, 38.72959 ], [ -90.29809, 38.73097 ], [ -90.295, 38.73169 ], [ -90.29438, 38.73056 ], [ -90.29305, 38.72744 ], [ -90.29259, 38.72509 ], [ -90.28993, 38.72506 ], [ -90.2899, 38.72733 ], [ -90.27659, 38.72733 ], [ -90.27764, 38.72899 ], [ -90.27732, 38.7322 ], [ -90.27766, 38.73466 ], [ -90.27095, 38.73464 ], [ -90.2709, 38.73665 ], [ -90.26824, 38.73692 ], [ -90.26844, 38.73802 ], [ -90.26454, 38.73844 ], [ -90.26514, 38.7421 ], [ -90.26901, 38.74169 ], [ -90.26926, 38.74333 ], [ -90.27082, 38.74308 ], [ -90.27225, 38.74266 ], [ -90.27408, 38.74189 ], [ -90.27563, 38.74105 ], [ -90.27625, 38.74495 ], [ -90.28551, 38.74404 ], [ -90.28634, 38.74932 ], [ -90.28626, 38.75399 ], [ -90.29088, 38.75399 ], [ -90.2906, 38.75421 ], [ -90.29087, 38.75489 ], [ -90.2891, 38.75635 ], [ -90.28872, 38.75608 ], [ -90.28849, 38.75608 ], [ -90.28842, 38.75623 ], [ -90.27993, 38.75633 ], [ -90.27971, 38.76425 ], [ -90.27605, 38.76419 ], [ -90.27605, 38.76454 ], [ -90.27461, 38.76454 ], [ -90.27462, 38.7665 ], [ -90.27359, 38.76648 ], [ -90.27357, 38.76912 ], [ -90.26874, 38.76906 ], [ -90.26872, 38.7641 ], [ -90.25912, 38.76395 ], [ -90.25999, 38.7675 ] ] ] } },
{ "type": "Feature", "properties": { "name": "Flordell Hills" }, "geometry": { "type": "Polygon", "coordinates": [ [ [ -90.26048, 38.71773 ], [ -90.26286, 38.71933 ], [ -90.26628, 38.72114 ], [ -90.26713, 38.71977 ], [ -90.26698, 38.71971 ], [ -90.26719, 38.71923 ], [ -90.26874, 38.7171 ], [ -90.26895, 38.71706 ], [ -90.26915, 38.71676 ], [ -90.26888, 38.71665 ], [ -90.26888, 38.71637 ], [ -90.26336, 38.71396 ], [ -90.26131, 38.71691 ], [ -90.26048, 38.71773 ] ] ] } },
{ "type": "Feature", "properties": { "name": "Florissant" }, "geometry": { "type": "MultiPolygon", "coordinates": [ [ [ [ -90.32862, 38.77296 ], [ -90.3286, 38.77305 ], [ -90.32854, 38.77343 ], [ -90.32862, 38.77296 ] ] ], [ [ [ -90.35346, 38.8323 ], [ -90.34966, 38.83006 ], [ -90.35162, 38.82765 ], [ -90.35406, 38.82519 ], [ -90.35357, 38.825 ], [ -90.343, 38.81826 ], [ -90.34268, 38.81859 ], [ -90.34209, 38.81821 ], [ -90.34142, 38.81888 ], [ -90.34204, 38.81927 ], [ -90.34109, 38.82022 ], [ -90.34061, 38.81993 ], [ -90.34017, 38.82038 ], [ -90.33769, 38.81887 ], [ -90.33522, 38.82141 ], [ -90.33, 38.81835 ], [ -90.32828, 38.82012 ], [ -90.32523, 38.8183 ], [ -90.32354, 38.82007 ], [ -90.32238, 38.81938 ], [ -90.31994, 38.82188 ], [ -90.31817, 38.82083 ], [ -90.31412, 38.82493 ], [ -90.31342, 38.82526 ], [ -90.31165, 38.82554 ], [ -90.31187, 38.82701 ], [ -90.31215, 38.827 ], [ -90.31185, 38.8279 ], [ -90.31146, 38.82832 ], [ -90.3072, 38.82154 ], [ -90.30856, 38.82195 ], [ -90.30979, 38.82199 ], [ -90.3111, 38.82167 ], [ -90.31213, 38.82104 ], [ -90.31269, 38.8204 ], [ -90.31375, 38.81823 ], [ -90.31709, 38.81365 ], [ -90.3177, 38.81297 ], [ -90.31804, 38.81231 ], [ -90.31813, 38.81178 ], [ -90.3177, 38.80975 ], [ -90.31776, 38.80914 ], [ -90.3174, 38.809 ], [ -90.31702, 38.80845 ], [ -90.31693, 38.80688 ], [ -90.31668, 38.80614 ], [ -90.31588, 38.80614 ], [ -90.31588, 38.80638 ], [ -90.30651, 38.80641 ], [ -90.30651, 38.81187 ], [ -90.30087, 38.81185 ], [ -90.30106, 38.81215 ], [ -90.29971, 38.8127 ], [ -90.29962, 38.81258 ], [ -90.29449, 38.81254 ], [ -90.29448, 38.81365 ], [ -90.29247, 38.81364 ], [ -90.29247, 38.814 ], [ -90.29164, 38.8141 ], [ -90.29063, 38.81295 ], [ -90.29045, 38.81297 ], [ -90.28802, 38.80985 ], [ -90.28706, 38.80911 ], [ -90.28651, 38.80885 ], [ -90.28496, 38.8084 ], [ -90.28498, 38.80827 ], [ -90.284, 38.80819 ], [ -90.28338, 38.80827 ], [ -90.28169, 38.80867 ], [ -90.27944, 38.80993 ], [ -90.27826, 38.80878 ], [ -90.27852, 38.79912 ], [ -90.27963, 38.79912 ], [ -90.27966, 38.79822 ], [ -90.28541, 38.79838 ], [ -90.28552, 38.7985 ], [ -90.28604, 38.79856 ], [ -90.28607, 38.79834 ], [ -90.28678, 38.79825 ], [ -90.2868, 38.79809 ], [ -90.29037, 38.7981 ], [ -90.29034, 38.79708 ], [ -90.28699, 38.79707 ], [ -90.28728, 38.79544 ], [ -90.28927, 38.79545 ], [ -90.28535, 38.79193 ], [ -90.28499, 38.79146 ], [ -90.27994, 38.78681 ], [ -90.27934, 38.78607 ], [ -90.27946, 38.78607 ], [ -90.27867, 38.78366 ], [ -90.27874, 38.78333 ], [ -90.2794, 38.78349 ], [ -90.2845, 38.78356 ], [ -90.28461, 38.77919 ], [ -90.29006, 38.77928 ], [ -90.28982, 38.78071 ], [ -90.29629, 38.78073 ], [ -90.29629, 38.77999 ], [ -90.29515, 38.77999 ], [ -90.29516, 38.77712 ], [ -90.29287, 38.77711 ], [ -90.29288, 38.77136 ], [ -90.29821, 38.77162 ], [ -90.30751, 38.77254 ], [ -90.30531, 38.76996 ], [ -90.31179, 38.76671 ], [ -90.31279, 38.76828 ], [ -90.31465, 38.76753 ], [ -90.3156, 38.77128 ], [ -90.31629, 38.77114 ], [ -90.32371, 38.77195 ], [ -90.32423, 38.76894 ], [ -90.32922, 38.76945 ], [ -90.32822, 38.77517 ], [ -90.33561, 38.77589 ], [ -90.3356, 38.77616 ], [ -90.33768, 38.77634 ], [ -90.33762, 38.7807 ], [ -90.33961, 38.78071 ], [ -90.33952, 38.78706 ], [ -90.34312, 38.78707 ], [ -90.34323, 38.78618 ], [ -90.35605, 38.79386 ], [ -90.35681, 38.79308 ], [ -90.35744, 38.79345 ], [ -90.35867, 38.79218 ], [ -90.36822, 38.79791 ], [ -90.36714, 38.79916 ], [ -90.35768, 38.79348 ], [ -90.3535, 38.79782 ], [ -90.35875, 38.80095 ], [ -90.35928, 38.8004 ], [ -90.3642, 38.80334 ], [ -90.36382, 38.80375 ], [ -90.38871, 38.81866 ], [ -90.39512, 38.82269 ], [ -90.3922, 38.82227 ], [ -90.38663, 38.82186 ], [ -90.37687, 38.82185 ], [ -90.3737, 38.8223 ], [ -90.37118, 38.82305 ], [ -90.36831, 38.82419 ], [ -90.36539, 38.82558 ], [ -90.36282, 38.82401 ], [ -90.36254, 38.82423 ], [ -90.36267, 38.82475 ], [ -90.36115, 38.82499 ], [ -90.35977, 38.82599 ], [ -90.35827, 38.82775 ], [ -90.35691, 38.82897 ], [ -90.35646, 38.82965 ], [ -90.3558, 38.83006 ], [ -90.35543, 38.83062 ], [ -90.35512, 38.83069 ], [ -90.35346, 38.8323 ] ], [ [ -90.30281, 38.80852 ], [ -90.30305, 38.80839 ], [ -90.30226, 38.80727 ], [ -90.30203, 38.8074 ], [ -90.30281, 38.80852 ] ] ] ] } },
{ "type": "Feature", "properties": { "name": "Frontenac" }, "geometry": { "type": "Polygon", "coordinates": [ [ [ -90.40573, 38.62272 ], [ -90.40528, 38.64769 ], [ -90.42468, 38.64794 ], [ -90.42474, 38.63747 ], [ -90.43332, 38.63867 ], [ -90.43335, 38.63642 ], [ -90.43348, 38.62402 ], [ -90.42965, 38.62398 ], [ -90.42973, 38.6185 ], [ -90.42677, 38.61847 ], [ -90.42686, 38.61428 ], [ -90.42512, 38.61449 ], [ -90.4252, 38.60659 ], [ -90.41562, 38.60647 ], [ -90.41555, 38.62536 ], [ -90.41178, 38.62534 ], [ -90.41182, 38.62329 ], [ -90.40953, 38.62351 ], [ -90.40777, 38.62332 ], [ -90.4077, 38.62271 ], [ -90.40573, 38.62272 ] ] ] } },
{ "type": "Feature", "properties": { "name": "Glendale" }, "geometry": { "type": "Polygon", "coordinates": [ [ [ -90.37691, 38.60384 ], [ -90.37767, 38.60521 ], [ -90.38044, 38.60444 ], [ -90.3804, 38.60463 ], [ -90.38625, 38.60302 ], [ -90.38899, 38.60249 ], [ -90.39103, 38.60187 ], [ -90.39132, 38.58858 ], [ -90.3911, 38.58858 ], [ -90.39108, 38.58762 ], [ -90.39077, 38.58713 ], [ -90.39122, 38.58698 ], [ -90.39123, 38.58661 ], [ -90.391, 38.58651 ], [ -90.39106, 38.58572 ], [ -90.3912, 38.58573 ], [ -90.39121, 38.58543 ], [ -90.39142, 38.58526 ], [ -90.39132, 38.58476 ], [ -90.39123, 38.58476 ], [ -90.39133, 38.58278 ], [ -90.37718, 38.58265 ], [ -90.37718, 38.58654 ], [ -90.37506, 38.58632 ], [ -90.37232, 38.60238 ], [ -90.37694, 38.60244 ], [ -90.37691, 38.60384 ] ] ] } },
{ "type": "Feature", "properties": { "name": "Grantwood Village" }, "geometry": { "type": "Polygon", "coordinates": [ [ [ -90.35149, 38.55976 ], [ -90.35278, 38.56077 ], [ -90.35275, 38.55691 ], [ -90.35252, 38.55691 ], [ -90.34995, 38.5552 ], [ -90.35194, 38.55341 ], [ -90.35135, 38.553 ], [ -90.35169, 38.5529 ], [ -90.35331, 38.55147 ], [ -90.362, 38.55737 ], [ -90.36356, 38.5558 ], [ -90.36357, 38.5556 ], [ -90.36276, 38.55482 ], [ -90.36222, 38.5539 ], [ -90.36141, 38.5535 ], [ -90.36165, 38.55287 ], [ -90.36046, 38.55181 ], [ -90.36069, 38.55061 ], [ -90.36046, 38.54984 ], [ -90.36612, 38.54409 ], [ -90.36305, 38.5422 ], [ -90.34307, 38.54874 ], [ -90.34319, 38.54903 ], [ -90.34199, 38.55611 ], [ -90.34456, 38.55739 ], [ -90.3463, 38.55853 ], [ -90.34584, 38.55899 ], [ -90.34887, 38.56016 ], [ -90.35034, 38.55888 ], [ -90.35104, 38.5594 ], [ -90.35086, 38.55958 ], [ -90.3513, 38.55991 ], [ -90.35149, 38.55976 ] ] ] } },
{ "type": "Feature", "properties": { "name": "Green Park" }, "geometry": { "type": "Polygon", "coordinates": [ [ [ -90.32932, 38.5305 ], [ -90.33275, 38.5312 ], [ -90.33585, 38.53208 ], [ -90.33753, 38.53268 ], [ -90.33925, 38.53355 ], [ -90.34022, 38.53234 ], [ -90.34105, 38.53156 ], [ -90.34094, 38.53146 ], [ -90.34168, 38.53102 ], [ -90.34322, 38.5305 ], [ -90.3451, 38.53054 ], [ -90.34645, 38.53012 ], [ -90.34982, 38.52744 ], [ -90.35243, 38.52597 ], [ -90.35297, 38.52546 ], [ -90.35402, 38.52387 ], [ -90.34865, 38.52269 ], [ -90.344, 38.52042 ], [ -90.34333, 38.51982 ], [ -90.34275, 38.51894 ], [ -90.34267, 38.51579 ], [ -90.34221, 38.51482 ], [ -90.34144, 38.51415 ], [ -90.34034, 38.51384 ], [ -90.33939, 38.51339 ], [ -90.33944, 38.51323 ], [ -90.33739, 38.51226 ], [ -90.33626, 38.51187 ], [ -90.33474, 38.51639 ], [ -90.33356, 38.51823 ], [ -90.33249, 38.51911 ], [ -90.33036, 38.51999 ], [ -90.33005, 38.52033 ], [ -90.32457, 38.52195 ], [ -90.32451, 38.52185 ], [ -90.32306, 38.52242 ], [ -90.32279, 38.52256 ], [ -90.32291, 38.52267 ], [ -90.32155, 38.52382 ], [ -90.32065, 38.52441 ], [ -90.3197, 38.52532 ], [ -90.32135, 38.52805 ], [ -90.32217, 38.52881 ], [ -90.32289, 38.52928 ], [ -90.32439, 38.52978 ], [ -90.32932, 38.5305 ] ] ] } },
{ "type": "Feature", "properties": { "name": "Greendale" }, "geometry": { "type": "Polygon", "coordinates": [ [ [ -90.30967, 38.68821 ], [ -90.30901, 38.69055 ], [ -90.30973, 38.69056 ], [ -90.30965, 38.69732 ], [ -90.31361, 38.6993 ], [ -90.31691, 38.69298 ], [ -90.31229, 38.68973 ], [ -90.30967, 38.68821 ] ] ] } },
{ "type": "Feature", "properties": { "name": "Hanley Hills" }, "geometry": { "type": "Polygon", "coordinates": [ [ [ -90.3185, 38.68566 ], [ -90.32888, 38.69041 ], [ -90.32886, 38.69141 ], [ -90.33381, 38.69198 ], [ -90.33353, 38.69093 ], [ -90.33347, 38.68726 ], [ -90.32816, 38.68725 ], [ -90.32816, 38.68342 ], [ -90.32494, 38.68159 ], [ -90.32278, 38.68121 ], [ -90.32041, 38.68027 ], [ -90.31915, 38.67993 ], [ -90.31703, 38.67964 ], [ -90.31699, 38.67991 ], [ -90.3165, 38.67986 ], [ -90.31643, 38.6802 ], [ -90.31669, 38.68032 ], [ -90.31665, 38.68058 ], [ -90.31704, 38.68074 ], [ -90.31582, 38.68238 ], [ -90.31726, 38.68277 ], [ -90.3185, 38.68566 ] ] ] } },
{ "type": "Feature", "properties": { "name": "Hazelwood" }, "geometry": { "type": "Polygon", "coordinates": [ [ [ -90.35928, 38.8004 ], [ -90.3642, 38.80334 ], [ -90.36382, 38.80375 ], [ -90.38871, 38.81866 ], [ -90.39512, 38.82269 ], [ -90.39817, 38.82331 ], [ -90.41223, 38.82708 ], [ -90.41946, 38.82841 ], [ -90.42314, 38.82877 ], [ -90.42849, 38.82891 ], [ -90.43406, 38.82874 ], [ -90.43607, 38.82846 ], [ -90.43801, 38.82796 ], [ -90.44004, 38.82722 ], [ -90.44167, 38.82633 ], [ -90.44775, 38.82157 ], [ -90.44931, 38.81963 ], [ -90.42465, 38.79317 ], [ -90.42596, 38.79236 ], [ -90.42324, 38.78947 ], [ -90.42069, 38.78797 ], [ -90.4195, 38.78683 ], [ -90.41622, 38.78112 ], [ -90.41606, 38.78031 ], [ -90.41319, 38.77718 ], [ -90.40931, 38.77488 ], [ -90.40746, 38.77432 ], [ -90.40527, 38.77324 ], [ -90.40249, 38.77124 ], [ -90.39232, 38.76318 ], [ -90.38966, 38.76145 ], [ -90.38688, 38.76015 ], [ -90.38442, 38.75988 ], [ -90.38011, 38.75972 ], [ -90.37971, 38.75998 ], [ -90.37738, 38.75983 ], [ -90.37686, 38.75953 ], [ -90.36889, 38.75915 ], [ -90.36878, 38.76031 ], [ -90.36828, 38.76079 ], [ -90.37092, 38.76234 ], [ -90.36904, 38.76447 ], [ -90.36104, 38.75988 ], [ -90.36017, 38.75982 ], [ -90.35631, 38.76007 ], [ -90.35503, 38.7599 ], [ -90.35345, 38.7593 ], [ -90.35263, 38.76481 ], [ -90.3494, 38.76472 ], [ -90.34916, 38.76615 ], [ -90.34934, 38.76617 ], [ -90.34893, 38.76881 ], [ -90.35011, 38.76893 ], [ -90.34933, 38.77387 ], [ -90.3439, 38.77331 ], [ -90.34354, 38.77188 ], [ -90.34016, 38.76488 ], [ -90.32494, 38.76475 ], [ -90.32511, 38.76367 ], [ -90.31745, 38.76187 ], [ -90.31712, 38.76266 ], [ -90.31606, 38.76325 ], [ -90.31962, 38.76721 ], [ -90.31778, 38.76821 ], [ -90.31809, 38.76855 ], [ -90.31864, 38.76861 ], [ -90.31815, 38.77138 ], [ -90.32371, 38.77195 ], [ -90.32423, 38.76894 ], [ -90.32922, 38.76945 ], [ -90.32822, 38.77517 ], [ -90.33561, 38.77589 ], [ -90.3356, 38.77616 ], [ -90.33768, 38.77634 ], [ -90.33762, 38.7807 ], [ -90.33961, 38.78071 ], [ -90.33952, 38.78706 ], [ -90.34312, 38.78707 ], [ -90.34323, 38.78618 ], [ -90.35605, 38.79386 ], [ -90.35681, 38.79308 ], [ -90.35744, 38.79345 ], [ -90.35867, 38.79218 ], [ -90.36822, 38.79791 ], [ -90.36714, 38.79916 ], [ -90.35768, 38.79348 ], [ -90.3535, 38.79782 ], [ -90.35875, 38.80095 ], [ -90.35928, 38.8004 ] ], [ [ -90.32862, 38.77296 ], [ -90.3286, 38.77308 ], [ -90.32854, 38.77343 ], [ -90.32862, 38.77296 ] ] ] } },
{ "type": "Feature", "properties": { "name": "Hillsdale" }, "geometry": { "type": "Polygon", "coordinates": [ [ [ -90.2815, 38.68129 ], [ -90.27878, 38.68473 ], [ -90.28267, 38.68648 ], [ -90.28181, 38.68798 ], [ -90.28269, 38.68836 ], [ -90.28398, 38.68858 ], [ -90.28558, 38.68918 ], [ -90.28552, 38.68928 ], [ -90.28736, 38.69013 ], [ -90.29206, 38.69109 ], [ -90.29235, 38.69069 ], [ -90.29173, 38.69042 ], [ -90.29355, 38.68792 ], [ -90.29343, 38.68733 ], [ -90.29421, 38.68515 ], [ -90.29405, 38.68498 ], [ -90.28326, 38.68038 ], [ -90.28289, 38.6809 ], [ -90.2831, 38.68099 ], [ -90.28257, 38.68174 ], [ -90.2815, 38.68129 ] ] ] } },
{ "type": "Feature", "properties": { "name": "Huntleigh" }, "geometry": { "type": "Polygon", "coordinates": [ [ [ -90.41182, 38.62329 ], [ -90.41178, 38.62534 ], [ -90.41555, 38.62536 ], [ -90.41574, 38.6037 ], [ -90.40148, 38.60354 ], [ -90.40116, 38.61824 ], [ -90.40613, 38.61828 ], [ -90.40609, 38.62272 ], [ -90.4077, 38.62271 ], [ -90.40777, 38.62332 ], [ -90.40953, 38.62351 ], [ -90.41182, 38.62329 ] ] ] } },
{ "type": "Feature", "properties": { "name": "Jennings" }, "geometry": { "type": "Polygon", "coordinates": [ [ [ -90.25724, 38.73964 ], [ -90.25781, 38.73964 ], [ -90.2578, 38.7405 ], [ -90.26079, 38.73886 ], [ -90.2631, 38.73887 ], [ -90.2603, 38.73622 ], [ -90.26134, 38.73534 ], [ -90.26251, 38.73464 ], [ -90.26332, 38.73464 ], [ -90.26409, 38.73734 ], [ -90.2709, 38.73665 ], [ -90.27095, 38.73464 ], [ -90.27766, 38.73466 ], [ -90.27732, 38.7322 ], [ -90.27764, 38.72899 ], [ -90.27659, 38.72733 ], [ -90.2899, 38.72733 ], [ -90.28993, 38.72506 ], [ -90.29259, 38.72509 ], [ -90.29148, 38.71999 ], [ -90.29, 38.71996 ], [ -90.29003, 38.71796 ], [ -90.28131, 38.71796 ], [ -90.27638, 38.72502 ], [ -90.27505, 38.72627 ], [ -90.27445, 38.72559 ], [ -90.27261, 38.72417 ], [ -90.27043, 38.72282 ], [ -90.27064, 38.72253 ], [ -90.27046, 38.72245 ], [ -90.2728, 38.71931 ], [ -90.27261, 38.71923 ], [ -90.27516, 38.71569 ], [ -90.27558, 38.71587 ], [ -90.2759, 38.71545 ], [ -90.28114, 38.7178 ], [ -90.28538, 38.71177 ], [ -90.28414, 38.7109 ], [ -90.28313, 38.71043 ], [ -90.27673, 38.70808 ], [ -90.27668, 38.70816 ], [ -90.27084, 38.70556 ], [ -90.27093, 38.70543 ], [ -90.27049, 38.70523 ], [ -90.27085, 38.70474 ], [ -90.26839, 38.70365 ], [ -90.26865, 38.7033 ], [ -90.26765, 38.70301 ], [ -90.26686, 38.70267 ], [ -90.26694, 38.70254 ], [ -90.26519, 38.70188 ], [ -90.25174, 38.71886 ], [ -90.23938, 38.72371 ], [ -90.23906, 38.72501 ], [ -90.23899, 38.7265 ], [ -90.23939, 38.72898 ], [ -90.24017, 38.73015 ], [ -90.24071, 38.73149 ], [ -90.24009, 38.73515 ], [ -90.24595, 38.73574 ], [ -90.24563, 38.73752 ], [ -90.24976, 38.73798 ], [ -90.24925, 38.73722 ], [ -90.25187, 38.73617 ], [ -90.25232, 38.73687 ], [ -90.25357, 38.73638 ], [ -90.25379, 38.73673 ], [ -90.2539, 38.73669 ], [ -90.25437, 38.7375 ], [ -90.25618, 38.73656 ], [ -90.25715, 38.74025 ], [ -90.25724, 38.73964 ] ], [ [ -90.26874, 38.7171 ], [ -90.26719, 38.71923 ], [ -90.26698, 38.71971 ], [ -90.26713, 38.71977 ], [ -90.26628, 38.72114 ], [ -90.26286, 38.71933 ], [ -90.26048, 38.71773 ], [ -90.26131, 38.71691 ], [ -90.26336, 38.71396 ], [ -90.26888, 38.71637 ], [ -90.26888, 38.71665 ], [ -90.26915, 38.71676 ], [ -90.26895, 38.71706 ], [ -90.26874, 38.7171 ] ] ] } },
{ "type": "Feature", "properties": { "name": "Kinloch" }, "geometry": { "type": "Polygon", "coordinates": [ [ [ -90.31897, 38.74574 ], [ -90.32992, 38.74578 ], [ -90.32995, 38.74326 ], [ -90.33266, 38.74329 ], [ -90.3327, 38.74103 ], [ -90.33476, 38.74125 ], [ -90.33459, 38.74042 ], [ -90.33135, 38.73533 ], [ -90.33073, 38.73461 ], [ -90.32436, 38.72973 ], [ -90.32305, 38.729 ], [ -90.32285, 38.72941 ], [ -90.3208, 38.73055 ], [ -90.31902, 38.73138 ], [ -90.319, 38.73128 ], [ -90.31828, 38.73153 ], [ -90.3182, 38.74424 ], [ -90.31897, 38.74426 ], [ -90.31897, 38.74574 ] ] ] } },
{ "type": "Feature", "properties": { "name": "Kirkwood" }, "geometry": { "type": "Polygon", "coordinates": [ [ [ -90.39132, 38.58858 ], [ -90.39103, 38.60187 ], [ -90.39078, 38.60194 ], [ -90.39077, 38.60317 ], [ -90.3967, 38.60321 ], [ -90.39669, 38.60349 ], [ -90.41574, 38.6037 ], [ -90.41562, 38.60647 ], [ -90.4252, 38.60659 ], [ -90.42527, 38.59647 ], [ -90.444, 38.59668 ], [ -90.44408, 38.59035 ], [ -90.44437, 38.58942 ], [ -90.44527, 38.58786 ], [ -90.44539, 38.58725 ], [ -90.44504, 38.58645 ], [ -90.4437, 38.58537 ], [ -90.44389, 38.58528 ], [ -90.44361, 38.5847 ], [ -90.44369, 38.58389 ], [ -90.44415, 38.58196 ], [ -90.44604, 38.58199 ], [ -90.44681, 38.58167 ], [ -90.44643, 38.57953 ], [ -90.44655, 38.57922 ], [ -90.44587, 38.57802 ], [ -90.44422, 38.57601 ], [ -90.44425, 38.57425 ], [ -90.44517, 38.57399 ], [ -90.44547, 38.57372 ], [ -90.44781, 38.57312 ], [ -90.44852, 38.57312 ], [ -90.45089, 38.57266 ], [ -90.45367, 38.57261 ], [ -90.45409, 38.55509 ], [ -90.45335, 38.55534 ], [ -90.44908, 38.55745 ], [ -90.44394, 38.55971 ], [ -90.44263, 38.55947 ], [ -90.44185, 38.55897 ], [ -90.43992, 38.55705 ], [ -90.43561, 38.54849 ], [ -90.43061, 38.54845 ], [ -90.43055, 38.55584 ], [ -90.42098, 38.55575 ], [ -90.42099, 38.555 ], [ -90.41903, 38.55499 ], [ -90.41862, 38.5552 ], [ -90.41856, 38.55945 ], [ -90.40699, 38.5593 ], [ -90.40698, 38.5597 ], [ -90.40642, 38.55969 ], [ -90.40641, 38.5604 ], [ -90.40598, 38.56026 ], [ -90.40492, 38.56047 ], [ -90.40417, 38.56042 ], [ -90.40137, 38.5606 ], [ -90.40073, 38.56097 ], [ -90.39974, 38.56108 ], [ -90.39863, 38.56164 ], [ -90.39765, 38.56242 ], [ -90.39752, 38.56786 ], [ -90.39166, 38.56792 ], [ -90.39145, 38.57965 ], [ -90.39123, 38.58476 ], [ -90.39132, 38.58476 ], [ -90.39142, 38.58526 ], [ -90.39121, 38.58543 ], [ -90.39102, 38.58603 ], [ -90.391, 38.58651 ], [ -90.39123, 38.58661 ], [ -90.39122, 38.58698 ], [ -90.39077, 38.58713 ], [ -90.39108, 38.58762 ], [ -90.3911, 38.58858 ], [ -90.39132, 38.58858 ] ] ] } },
{ "type": "Feature", "properties": { "name": "Ladue" }, "geometry": { "type": "Polygon", "coordinates": [ [ [ -90.36665, 38.66085 ], [ -90.40512, 38.66119 ], [ -90.40579, 38.61829 ], [ -90.40116, 38.61824 ], [ -90.40132, 38.61091 ], [ -90.38851, 38.61076 ], [ -90.38861, 38.61014 ], [ -90.37977, 38.60927 ], [ -90.37898, 38.61411 ], [ -90.37179, 38.61336 ], [ -90.37152, 38.61492 ], [ -90.36336, 38.61397 ], [ -90.36241, 38.61904 ], [ -90.36228, 38.63103 ], [ -90.36186, 38.63181 ], [ -90.36183, 38.64105 ], [ -90.35668, 38.63982 ], [ -90.35133, 38.63908 ], [ -90.34878, 38.65622 ], [ -90.35059, 38.65639 ], [ -90.35233, 38.65538 ], [ -90.3548, 38.65798 ], [ -90.36314, 38.65797 ], [ -90.36314, 38.6581 ], [ -90.36667, 38.65814 ], [ -90.36665, 38.66085 ] ] ] } },
{ "type": "Feature", "properties": { "name": "Lakeshire" }, "geometry": { "type": "Polygon", "coordinates": [ [ [ -90.33339, 38.54045 ], [ -90.33316, 38.54334 ], [ -90.33377, 38.54336 ], [ -90.33376, 38.54394 ], [ -90.33682, 38.54403 ], [ -90.34044, 38.54163 ], [ -90.34167, 38.54223 ], [ -90.34417, 38.5406 ], [ -90.34222, 38.53656 ], [ -90.34126, 38.53522 ], [ -90.3382, 38.53645 ], [ -90.33421, 38.53935 ], [ -90.33339, 38.54045 ] ] ] } },
{ "type": "Feature", "properties": { "name": "Manchester" }, "geometry": { "type": "Polygon", "coordinates": [ [ [ -90.51213, 38.60659 ], [ -90.51284, 38.60684 ], [ -90.51515, 38.60601 ], [ -90.51586, 38.60564 ], [ -90.51505, 38.60449 ], [ -90.51525, 38.60446 ], [ -90.52904, 38.60458 ], [ -90.5293, 38.59286 ], [ -90.523, 38.59295 ], [ -90.52296, 38.59277 ], [ -90.52238, 38.59287 ], [ -90.52073, 38.59279 ], [ -90.52001, 38.5913 ], [ -90.52004, 38.58811 ], [ -90.52457, 38.58827 ], [ -90.52459, 38.58619 ], [ -90.52947, 38.58625 ], [ -90.5296, 38.57706 ], [ -90.52503, 38.57694 ], [ -90.52514, 38.56825 ], [ -90.52242, 38.56817 ], [ -90.51866, 38.56727 ], [ -90.51776, 38.56716 ], [ -90.51454, 38.56713 ], [ -90.51224, 38.56763 ], [ -90.51126, 38.56772 ], [ -90.50117, 38.56765 ], [ -90.50116, 38.56896 ], [ -90.50042, 38.56896 ], [ -90.50041, 38.57063 ], [ -90.50209, 38.57064 ], [ -90.50207, 38.57079 ], [ -90.50042, 38.57121 ], [ -90.49822, 38.57151 ], [ -90.49756, 38.56982 ], [ -90.49714, 38.56936 ], [ -90.49621, 38.56936 ], [ -90.49621, 38.56951 ], [ -90.495, 38.56951 ], [ -90.49437, 38.56923 ], [ -90.49442, 38.56779 ], [ -90.49572, 38.5678 ], [ -90.49554, 38.56696 ], [ -90.49578, 38.56618 ], [ -90.49162, 38.56613 ], [ -90.49164, 38.56384 ], [ -90.48425, 38.56292 ], [ -90.48107, 38.56564 ], [ -90.47887, 38.56774 ], [ -90.4781, 38.56934 ], [ -90.47814, 38.56977 ], [ -90.4784, 38.57011 ], [ -90.48075, 38.5712 ], [ -90.48129, 38.57165 ], [ -90.48188, 38.57252 ], [ -90.48001, 38.57352 ], [ -90.47817, 38.57352 ], [ -90.47727, 38.57132 ], [ -90.4741, 38.57092 ], [ -90.47252, 38.57316 ], [ -90.47228, 38.57304 ], [ -90.47172, 38.57386 ], [ -90.47188, 38.57395 ], [ -90.47009, 38.57556 ], [ -90.47225, 38.5773 ], [ -90.47696, 38.58043 ], [ -90.47846, 38.58115 ], [ -90.47916, 38.58111 ], [ -90.48013, 38.58063 ], [ -90.48095, 38.58038 ], [ -90.4815, 38.58036 ], [ -90.48457, 38.58103 ], [ -90.48658, 38.58168 ], [ -90.49266, 38.58217 ], [ -90.5012, 38.58083 ], [ -90.50141, 38.58149 ], [ -90.5013, 38.58223 ], [ -90.50059, 38.58221 ], [ -90.50032, 38.58957 ], [ -90.50076, 38.6043 ], [ -90.5108, 38.60445 ], [ -90.51072, 38.60624 ], [ -90.51089, 38.60649 ], [ -90.51074, 38.60665 ], [ -90.51213, 38.60659 ] ] ] } },
{ "type": "Feature", "properties": { "name": "Maplewood" }, "geometry": { "type": "Polygon", "coordinates": [ [ [ -90.31529, 38.61868 ], [ -90.32167, 38.61926 ], [ -90.32097, 38.62272 ], [ -90.33444, 38.62275 ], [ -90.33452, 38.61676 ], [ -90.33372, 38.61317 ], [ -90.33406, 38.61292 ], [ -90.33374, 38.61211 ], [ -90.33435, 38.61082 ], [ -90.3349, 38.61036 ], [ -90.33508, 38.60997 ], [ -90.33531, 38.60996 ], [ -90.33517, 38.60965 ], [ -90.335, 38.60737 ], [ -90.33446, 38.60659 ], [ -90.33432, 38.60576 ], [ -90.33445, 38.60424 ], [ -90.3341, 38.60371 ], [ -90.3336, 38.60346 ], [ -90.33265, 38.60323 ], [ -90.33152, 38.60318 ], [ -90.3288, 38.60273 ], [ -90.32728, 38.60267 ], [ -90.32671, 38.60288 ], [ -90.32638, 38.60282 ], [ -90.32607, 38.60228 ], [ -90.32619, 38.60128 ], [ -90.32608, 38.60106 ], [ -90.32488, 38.60041 ], [ -90.32324, 38.60026 ], [ -90.32282, 38.59975 ], [ -90.32102, 38.59883 ], [ -90.32071, 38.59884 ], [ -90.32003, 38.59919 ], [ -90.31889, 38.59949 ], [ -90.31852, 38.59942 ], [ -90.31086, 38.61821 ], [ -90.31027, 38.62172 ], [ -90.31472, 38.62213 ], [ -90.31529, 38.61868 ] ] ] } },
{ "type": "Feature", "properties": { "name": "Marlborough" }, "geometry": { "type": "Polygon", "coordinates": [ [ [ -90.33391, 38.56732 ], [ -90.33384, 38.56868 ], [ -90.33262, 38.57222 ], [ -90.33398, 38.57255 ], [ -90.33902, 38.57311 ], [ -90.33982, 38.56831 ], [ -90.34154, 38.56785 ], [ -90.35513, 38.56565 ], [ -90.355, 38.56453 ], [ -90.35447, 38.56452 ], [ -90.35447, 38.56462 ], [ -90.3527, 38.56493 ], [ -90.35193, 38.56483 ], [ -90.35113, 38.56447 ], [ -90.35054, 38.56455 ], [ -90.35016, 38.56468 ], [ -90.3506, 38.56601 ], [ -90.34013, 38.56585 ], [ -90.33988, 38.56727 ], [ -90.33679, 38.56693 ], [ -90.3372, 38.56462 ], [ -90.33405, 38.56431 ], [ -90.33368, 38.5664 ], [ -90.33391, 38.56732 ] ] ] } },
{ "type": "Feature", "properties": { "name": "Maryland Heights" }, "geometry": { "type": "Polygon", "coordinates": [ [ [ -90.44965, 38.75185 ], [ -90.48245, 38.76388 ], [ -90.48426, 38.7608 ], [ -90.48755, 38.75674 ], [ -90.48935, 38.75478 ], [ -90.49285, 38.75138 ], [ -90.49423, 38.75029 ], [ -90.49789, 38.74816 ], [ -90.50018, 38.7464 ], [ -90.50302, 38.74487 ], [ -90.5106, 38.74196 ], [ -90.51631, 38.73917 ], [ -90.52055, 38.73743 ], [ -90.52404, 38.73573 ], [ -90.52803, 38.73332 ], [ -90.53206, 38.73015 ], [ -90.53309, 38.7291 ], [ -90.53385, 38.72795 ], [ -90.5345, 38.72596 ], [ -90.53461, 38.72436 ], [ -90.53408, 38.72137 ], [ -90.5319, 38.71468 ], [ -90.53092, 38.71027 ], [ -90.53089, 38.70684 ], [ -90.5315, 38.70252 ], [ -90.53174, 38.69925 ], [ -90.53221, 38.69743 ], [ -90.53306, 38.69527 ], [ -90.53738, 38.68973 ], [ -90.538, 38.68905 ], [ -90.54014, 38.68742 ], [ -90.53073, 38.68034 ], [ -90.53058, 38.6804 ], [ -90.5307, 38.67955 ], [ -90.51013, 38.68853 ], [ -90.50236, 38.69084 ], [ -90.50104, 38.69149 ], [ -90.49779, 38.69242 ], [ -90.49538, 38.69185 ], [ -90.49483, 38.69115 ], [ -90.4915, 38.6924 ], [ -90.49052, 38.69266 ], [ -90.49147, 38.69338 ], [ -90.48291, 38.70194 ], [ -90.47994, 38.70514 ], [ -90.47825, 38.70572 ], [ -90.47736, 38.7056 ], [ -90.47662, 38.70495 ], [ -90.47612, 38.70511 ], [ -90.47586, 38.70458 ], [ -90.47535, 38.70476 ], [ -90.47469, 38.70422 ], [ -90.47404, 38.70345 ], [ -90.4709, 38.69801 ], [ -90.47009, 38.69718 ], [ -90.46919, 38.69648 ], [ -90.46844, 38.69617 ], [ -90.46775, 38.69553 ], [ -90.46668, 38.69524 ], [ -90.46553, 38.69466 ], [ -90.46489, 38.69468 ], [ -90.46295, 38.69544 ], [ -90.46266, 38.69543 ], [ -90.46198, 38.69568 ], [ -90.46197, 38.69585 ], [ -90.45919, 38.69625 ], [ -90.45826, 38.69633 ], [ -90.45787, 38.69625 ], [ -90.45694, 38.69643 ], [ -90.4571, 38.69585 ], [ -90.45418, 38.69537 ], [ -90.4551, 38.69367 ], [ -90.45041, 38.69292 ], [ -90.45023, 38.68814 ], [ -90.44838, 38.68785 ], [ -90.44758, 38.69107 ], [ -90.44489, 38.69061 ], [ -90.44446, 38.69199 ], [ -90.44171, 38.6916 ], [ -90.44124, 38.69166 ], [ -90.44105, 38.69237 ], [ -90.43296, 38.69225 ], [ -90.43308, 38.69277 ], [ -90.43276, 38.69306 ], [ -90.43259, 38.69355 ], [ -90.43218, 38.69379 ], [ -90.43151, 38.69348 ], [ -90.43052, 38.69465 ], [ -90.43071, 38.69535 ], [ -90.42981, 38.69543 ], [ -90.42994, 38.69579 ], [ -90.42869, 38.69604 ], [ -90.42823, 38.69445 ], [ -90.42685, 38.69419 ], [ -90.42333, 38.69464 ], [ -90.42289, 38.69307 ], [ -90.42377, 38.69202 ], [ -90.41977, 38.6897 ], [ -90.41912, 38.68995 ], [ -90.41934, 38.69198 ], [ -90.41663, 38.69255 ], [ -90.41368, 38.69293 ], [ -90.41319, 38.69265 ], [ -90.41301, 38.69289 ], [ -90.41202, 38.6929 ], [ -90.41106, 38.69365 ], [ -90.4104, 38.69448 ], [ -90.40878, 38.69343 ], [ -90.40856, 38.70022 ], [ -90.40909, 38.70203 ], [ -90.40887, 38.70759 ], [ -90.40769, 38.72066 ], [ -90.40729, 38.72235 ], [ -90.4124, 38.72283 ], [ -90.41238, 38.72291 ], [ -90.41281, 38.72295 ], [ -90.41283, 38.72284 ], [ -90.41396, 38.72275 ], [ -90.41393, 38.72302 ], [ -90.41452, 38.72307 ], [ -90.41447, 38.72346 ], [ -90.4155, 38.72347 ], [ -90.41848, 38.72487 ], [ -90.41796, 38.7253 ], [ -90.41947, 38.72704 ], [ -90.42081, 38.72704 ], [ -90.42075, 38.72905 ], [ -90.42925, 38.72905 ], [ -90.42926, 38.72989 ], [ -90.42944, 38.72989 ], [ -90.42948, 38.73132 ], [ -90.4298, 38.73132 ], [ -90.42979, 38.73265 ], [ -90.4295, 38.73265 ], [ -90.42951, 38.73397 ], [ -90.4305, 38.73398 ], [ -90.43051, 38.73477 ], [ -90.4296, 38.73477 ], [ -90.42961, 38.73561 ], [ -90.43051, 38.73561 ], [ -90.43051, 38.73673 ], [ -90.42974, 38.73673 ], [ -90.4298, 38.73745 ], [ -90.43051, 38.73756 ], [ -90.432, 38.73755 ], [ -90.432, 38.73835 ], [ -90.43321, 38.73885 ], [ -90.43293, 38.73931 ], [ -90.43444, 38.74024 ], [ -90.43475, 38.73997 ], [ -90.43561, 38.74061 ], [ -90.43599, 38.7403 ], [ -90.43722, 38.74139 ], [ -90.4374, 38.74127 ], [ -90.4384, 38.74215 ], [ -90.43804, 38.7424 ], [ -90.43917, 38.74346 ], [ -90.44138, 38.7422 ], [ -90.44713, 38.74145 ], [ -90.44779, 38.74272 ], [ -90.45306, 38.74382 ], [ -90.45667, 38.74273 ], [ -90.456, 38.74141 ], [ -90.45763, 38.74085 ], [ -90.45729, 38.74021 ], [ -90.45759, 38.74011 ], [ -90.4571, 38.73919 ], [ -90.45826, 38.73879 ], [ -90.45875, 38.7397 ], [ -90.46061, 38.73905 ], [ -90.46008, 38.73806 ], [ -90.46186, 38.73704 ], [ -90.46388, 38.73643 ], [ -90.46423, 38.73648 ], [ -90.46574, 38.73886 ], [ -90.46596, 38.73941 ], [ -90.46672, 38.74006 ], [ -90.4674, 38.74033 ], [ -90.4674, 38.74046 ], [ -90.46844, 38.74085 ], [ -90.46885, 38.74071 ], [ -90.46886, 38.74182 ], [ -90.46749, 38.74148 ], [ -90.46725, 38.74164 ], [ -90.46753, 38.74189 ], [ -90.46042, 38.7469 ], [ -90.45694, 38.75167 ], [ -90.45526, 38.75207 ], [ -90.45048, 38.75036 ], [ -90.45057, 38.75062 ], [ -90.4491, 38.75108 ], [ -90.44965, 38.75185 ] ] ] } },
{ "type": "Feature", "properties": { "name": "Moline Acres" }, "geometry": { "type": "Polygon", "coordinates": [ [ [ -90.24172, 38.75158 ], [ -90.24779, 38.75158 ], [ -90.24911, 38.75145 ], [ -90.2498, 38.75128 ], [ -90.24979, 38.75064 ], [ -90.25183, 38.74981 ], [ -90.25067, 38.74502 ], [ -90.25085, 38.744 ], [ -90.24202, 38.7424 ], [ -90.24258, 38.73928 ], [ -90.24307, 38.73933 ], [ -90.24367, 38.73553 ], [ -90.24023, 38.73516 ], [ -90.2396, 38.73897 ], [ -90.23818, 38.73882 ], [ -90.23771, 38.74162 ], [ -90.23686, 38.74154 ], [ -90.23598, 38.74648 ], [ -90.23677, 38.74656 ], [ -90.23649, 38.7482 ], [ -90.23677, 38.74823 ], [ -90.23661, 38.74831 ], [ -90.23672, 38.7485 ], [ -90.23634, 38.75095 ], [ -90.24172, 38.75158 ] ] ] } },
{ "type": "Feature", "properties": { "name": "Normandy" }, "geometry": { "type": "Polygon", "coordinates": [ [ [ -90.29148, 38.71999 ], [ -90.29305, 38.72744 ], [ -90.29438, 38.73056 ], [ -90.295, 38.73169 ], [ -90.29809, 38.73097 ], [ -90.29958, 38.72664 ], [ -90.30159, 38.71995 ], [ -90.30195, 38.7197 ], [ -90.30218, 38.71898 ], [ -90.30303, 38.71886 ], [ -90.30308, 38.71909 ], [ -90.30671, 38.7205 ], [ -90.30737, 38.71957 ], [ -90.30748, 38.71838 ], [ -90.3073, 38.71772 ], [ -90.30697, 38.7172 ], [ -90.30807, 38.7158 ], [ -90.30874, 38.71422 ], [ -90.30547, 38.71256 ], [ -90.30482, 38.71242 ], [ -90.30434, 38.71247 ], [ -90.30429, 38.71257 ], [ -90.30416, 38.71232 ], [ -90.3042, 38.71221 ], [ -90.30431, 38.71232 ], [ -90.30511, 38.71231 ], [ -90.30584, 38.71257 ], [ -90.30785, 38.7098 ], [ -90.30802, 38.70983 ], [ -90.30982, 38.70742 ], [ -90.3102, 38.70737 ], [ -90.30961, 38.70452 ], [ -90.31025, 38.70456 ], [ -90.31036, 38.7031 ], [ -90.31093, 38.70126 ], [ -90.31045, 38.70056 ], [ -90.30989, 38.70046 ], [ -90.3109, 38.69795 ], [ -90.30965, 38.69732 ], [ -90.30973, 38.69056 ], [ -90.30028, 38.69055 ], [ -90.30029, 38.68781 ], [ -90.29421, 38.68515 ], [ -90.29343, 38.68733 ], [ -90.29352, 38.68784 ], [ -90.29396, 38.68919 ], [ -90.29554, 38.69076 ], [ -90.29624, 38.69239 ], [ -90.29686, 38.69495 ], [ -90.29669, 38.69586 ], [ -90.29613, 38.69693 ], [ -90.29193, 38.70274 ], [ -90.29352, 38.70374 ], [ -90.29429, 38.70266 ], [ -90.29481, 38.70302 ], [ -90.29405, 38.70407 ], [ -90.2947, 38.70435 ], [ -90.29554, 38.70451 ], [ -90.29371, 38.7068 ], [ -90.2967, 38.70816 ], [ -90.2975, 38.70698 ], [ -90.29732, 38.70691 ], [ -90.29772, 38.70634 ], [ -90.2992, 38.70844 ], [ -90.29956, 38.71304 ], [ -90.29782, 38.71424 ], [ -90.29742, 38.71499 ], [ -90.29313, 38.71281 ], [ -90.29189, 38.71427 ], [ -90.29241, 38.71463 ], [ -90.29257, 38.71462 ], [ -90.2928, 38.71586 ], [ -90.2912, 38.71655 ], [ -90.29056, 38.71652 ], [ -90.29113, 38.71763 ], [ -90.29314, 38.71993 ], [ -90.29331, 38.71993 ], [ -90.29321, 38.72002 ], [ -90.29148, 38.71999 ] ], [ [ -90.29856, 38.72004 ], [ -90.29561, 38.72004 ], [ -90.29503, 38.71926 ], [ -90.29728, 38.71816 ], [ -90.29761, 38.71777 ], [ -90.2976, 38.71812 ], [ -90.29856, 38.72004 ] ] ] } },
{ "type": "Feature", "properties": { "name": "Northwoods" }, "geometry": { "type": "Polygon", "coordinates": [ [ [ -90.27218, 38.70549 ], [ -90.28531, 38.71143 ], [ -90.28666, 38.70956 ], [ -90.28685, 38.70965 ], [ -90.29267, 38.70172 ], [ -90.28913, 38.69917 ], [ -90.28633, 38.69642 ], [ -90.28538, 38.69564 ], [ -90.28402, 38.69503 ], [ -90.2807, 38.69955 ], [ -90.27989, 38.69804 ], [ -90.27875, 38.69842 ], [ -90.27769, 38.69981 ], [ -90.27696, 38.70044 ], [ -90.27607, 38.70095 ], [ -90.27422, 38.70163 ], [ -90.27217, 38.70311 ], [ -90.27139, 38.70381 ], [ -90.27104, 38.70432 ], [ -90.2714, 38.70482 ], [ -90.27218, 38.70549 ] ] ] } },
{ "type": "Feature", "properties": { "name": "Norwood Court" }, "geometry": { "type": "Polygon", "coordinates": [ [ [ -90.29004, 38.71673 ], [ -90.29, 38.71996 ], [ -90.29321, 38.72002 ], [ -90.29331, 38.71993 ], [ -90.29314, 38.71993 ], [ -90.29113, 38.71763 ], [ -90.29056, 38.71652 ], [ -90.2912, 38.71655 ], [ -90.29158, 38.71638 ], [ -90.29172, 38.71447 ], [ -90.29313, 38.71281 ], [ -90.28666, 38.70956 ], [ -90.28531, 38.71143 ], [ -90.28555, 38.71153 ], [ -90.28475, 38.71265 ], [ -90.28838, 38.71266 ], [ -90.28838, 38.71672 ], [ -90.29004, 38.71673 ] ] ] } },
{ "type": "Feature", "properties": { "name": "Oakland" }, "geometry": { "type": "Polygon", "coordinates": [ [ [ -90.37735, 38.58265 ], [ -90.39133, 38.58278 ], [ -90.39165, 38.56801 ], [ -90.39136, 38.56801 ], [ -90.3864, 38.57092 ], [ -90.3858, 38.57102 ], [ -90.38373, 38.57224 ], [ -90.3804, 38.57278 ], [ -90.37736, 38.57365 ], [ -90.37735, 38.58265 ] ] ] } },
{ "type": "Feature", "properties": { "name": "Olivette" }, "geometry": { "type": "Polygon", "coordinates": [ [ [ -90.36016, 38.67727 ], [ -90.36234, 38.67728 ], [ -90.36231, 38.68177 ], [ -90.37409, 38.68288 ], [ -90.37511, 38.68328 ], [ -90.38079, 38.68428 ], [ -90.39402, 38.686 ], [ -90.39463, 38.66107 ], [ -90.36239, 38.66084 ], [ -90.36233, 38.66848 ], [ -90.36092, 38.66848 ], [ -90.36117, 38.66978 ], [ -90.36118, 38.6749 ], [ -90.36086, 38.67613 ], [ -90.36016, 38.67727 ] ] ] } },
{ "type": "Feature", "properties": { "name": "Overland" }, "geometry": { "type": "Polygon", "coordinates": [ [ [ -90.37698, 38.71132 ], [ -90.38887, 38.71253 ], [ -90.39066, 38.70195 ], [ -90.39138, 38.69718 ], [ -90.39139, 38.69696 ], [ -90.39116, 38.69684 ], [ -90.39119, 38.6963 ], [ -90.3929, 38.68587 ], [ -90.38485, 38.68481 ], [ -90.38442, 38.68728 ], [ -90.37297, 38.68616 ], [ -90.37354, 38.68282 ], [ -90.3623, 38.68177 ], [ -90.36233, 38.67728 ], [ -90.36016, 38.67727 ], [ -90.35914, 38.67831 ], [ -90.35436, 38.6823 ], [ -90.35315, 38.683 ], [ -90.35206, 38.68333 ], [ -90.35062, 38.68344 ], [ -90.34724, 38.68298 ], [ -90.34701, 38.68394 ], [ -90.34701, 38.68924 ], [ -90.34531, 38.69855 ], [ -90.34265, 38.69761 ], [ -90.3421, 38.70075 ], [ -90.34583, 38.6995 ], [ -90.3458, 38.6997 ], [ -90.34755, 38.69911 ], [ -90.35365, 38.69935 ], [ -90.35465, 38.69949 ], [ -90.35391, 38.70019 ], [ -90.35315, 38.70049 ], [ -90.35304, 38.70065 ], [ -90.3524, 38.70375 ], [ -90.34943, 38.70345 ], [ -90.34856, 38.70901 ], [ -90.35003, 38.7098 ], [ -90.35005, 38.70966 ], [ -90.35571, 38.71021 ], [ -90.35576, 38.70979 ], [ -90.36076, 38.7098 ], [ -90.36944, 38.71069 ], [ -90.37178, 38.71012 ], [ -90.37164, 38.71091 ], [ -90.37689, 38.71145 ], [ -90.37698, 38.71132 ] ] ] } },
{ "type": "Feature", "properties": { "name": "Pacific" }, "geometry": { "type": "MultiPolygon", "coordinates": [ [ [ [ -90.70032, 38.48588 ], [ -90.69073, 38.47255 ], [ -90.69463, 38.4708 ], [ -90.69559, 38.47157 ], [ -90.69626, 38.47172 ], [ -90.69643, 38.47201 ], [ -90.69688, 38.4723 ], [ -90.69869, 38.47268 ], [ -90.69958, 38.47304 ], [ -90.7004, 38.47307 ], [ -90.70115, 38.47289 ], [ -90.70303, 38.47275 ], [ -90.70322, 38.47262 ], [ -90.70319, 38.47242 ], [ -90.70222, 38.47262 ], [ -90.70317, 38.47196 ], [ -90.70391, 38.4717 ], [ -90.70458, 38.47187 ], [ -90.70521, 38.47178 ], [ -90.70676, 38.47245 ], [ -90.70694, 38.47225 ], [ -90.70794, 38.47184 ], [ -90.71322, 38.47914 ], [ -90.71313, 38.47943 ], [ -90.71256, 38.47954 ], [ -90.71072, 38.47957 ], [ -90.70921, 38.47979 ], [ -90.70747, 38.48028 ], [ -90.70612, 38.48086 ], [ -90.7048, 38.48162 ], [ -90.70386, 38.48234 ], [ -90.70032, 38.48588 ] ], [ [ -90.69924, 38.4745 ], [ -90.69844, 38.47548 ], [ -90.69998, 38.47632 ], [ -90.70078, 38.4753 ], [ -90.69924, 38.4745 ] ], [ [ -90.69706, 38.48113 ], [ -90.69833, 38.48265 ], [ -90.69962, 38.48003 ], [ -90.69706, 38.48113 ] ] ], [ [ [ -90.69581, 38.49645 ], [ -90.69545, 38.49621 ], [ -90.69715, 38.49445 ], [ -90.69485, 38.49307 ], [ -90.69782, 38.49013 ], [ -90.69731, 38.49015 ], [ -90.7047, 38.48279 ], [ -90.70622, 38.48167 ], [ -90.70802, 38.48084 ], [ -90.70923, 38.4805 ], [ -90.71065, 38.48028 ], [ -90.71322, 38.48031 ], [ -90.72038, 38.48169 ], [ -90.72394, 38.48312 ], [ -90.72566, 38.48357 ], [ -90.72779, 38.48381 ], [ -90.73183, 38.48388 ], [ -90.73185, 38.48255 ], [ -90.73216, 38.48218 ], [ -90.73197, 38.48006 ], [ -90.73353, 38.47566 ], [ -90.7349, 38.46981 ], [ -90.73566, 38.46775 ], [ -90.73618, 38.46678 ], [ -90.73558, 38.49002 ], [ -90.73166, 38.48995 ], [ -90.7318, 38.48505 ], [ -90.72717, 38.48491 ], [ -90.72553, 38.48472 ], [ -90.72341, 38.48419 ], [ -90.71983, 38.48278 ], [ -90.71753, 38.48231 ], [ -90.71688, 38.48134 ], [ -90.71602, 38.48118 ], [ -90.71596, 38.48137 ], [ -90.71589, 38.48123 ], [ -90.71521, 38.4811 ], [ -90.71524, 38.481 ], [ -90.71253, 38.48058 ], [ -90.71008, 38.48067 ], [ -90.70801, 38.48119 ], [ -90.70604, 38.48215 ], [ -90.70613, 38.48224 ], [ -90.70546, 38.48274 ], [ -90.70515, 38.48301 ], [ -90.70505, 38.48311 ], [ -90.70495, 38.4832 ], [ -90.70491, 38.48324 ], [ -90.70573, 38.48435 ], [ -90.70553, 38.48455 ], [ -90.70467, 38.48349 ], [ -90.70339, 38.48476 ], [ -90.70674, 38.48854 ], [ -90.70529, 38.48917 ], [ -90.70887, 38.494 ], [ -90.70894, 38.49685 ], [ -90.70103, 38.49659 ], [ -90.69581, 38.49645 ] ] ], [ [ [ -90.70092, 38.4966 ], [ -90.70099, 38.49659 ], [ -90.70104, 38.49661 ], [ -90.70092, 38.4966 ] ] ] ] } },
{ "type": "Feature", "properties": { "name": "Pagedale" }, "geometry": { "type": "Polygon", "coordinates": [ [ [ -90.30028, 38.69055 ], [ -90.30901, 38.69055 ], [ -90.30967, 38.68821 ], [ -90.31174, 38.68937 ], [ -90.31282, 38.68524 ], [ -90.31781, 38.68488 ], [ -90.31699, 38.68299 ], [ -90.31412, 38.68223 ], [ -90.31444, 38.68046 ], [ -90.31619, 38.68064 ], [ -90.31651, 38.68077 ], [ -90.31672, 38.68039 ], [ -90.31643, 38.6802 ], [ -90.3165, 38.67986 ], [ -90.31699, 38.67991 ], [ -90.31703, 38.67964 ], [ -90.31988, 38.6801 ], [ -90.32345, 38.68139 ], [ -90.32501, 38.6816 ], [ -90.32629, 38.6816 ], [ -90.32394, 38.68026 ], [ -90.32393, 38.67612 ], [ -90.31456, 38.67604 ], [ -90.315, 38.67337 ], [ -90.3095, 38.67279 ], [ -90.30982, 38.67078 ], [ -90.305, 38.67028 ], [ -90.30499, 38.67046 ], [ -90.30205, 38.67015 ], [ -90.30106, 38.67347 ], [ -90.30089, 38.67344 ], [ -90.2997, 38.67494 ], [ -90.29534, 38.68071 ], [ -90.29551, 38.68079 ], [ -90.29545, 38.68103 ], [ -90.30045, 38.68373 ], [ -90.30028, 38.69055 ] ] ] } },
{ "type": "Feature", "properties": { "name": "Pasadena Hills" }, "geometry": { "type": "Polygon", "coordinates": [ [ [ -90.29185, 38.7027 ], [ -90.28685, 38.70965 ], [ -90.29528, 38.7139 ], [ -90.29537, 38.71351 ], [ -90.29584, 38.71337 ], [ -90.29539, 38.71194 ], [ -90.29537, 38.71171 ], [ -90.29555, 38.71169 ], [ -90.29527, 38.70947 ], [ -90.2956, 38.70915 ], [ -90.29555, 38.70899 ], [ -90.29633, 38.70877 ], [ -90.2967, 38.70816 ], [ -90.29371, 38.7068 ], [ -90.29554, 38.70451 ], [ -90.2947, 38.70435 ], [ -90.29405, 38.70407 ], [ -90.29481, 38.70302 ], [ -90.29429, 38.70266 ], [ -90.29352, 38.70374 ], [ -90.29185, 38.7027 ] ] ] } },
{ "type": "Feature", "properties": { "name": "Pasadena Park" }, "geometry": { "type": "Polygon", "coordinates": [ [ [ -90.29705, 38.70862 ], [ -90.29691, 38.70885 ], [ -90.2956, 38.70915 ], [ -90.29528, 38.70942 ], [ -90.29555, 38.71169 ], [ -90.29537, 38.71171 ], [ -90.29539, 38.71194 ], [ -90.29584, 38.71337 ], [ -90.29537, 38.71351 ], [ -90.29528, 38.7139 ], [ -90.29742, 38.71499 ], [ -90.29782, 38.71424 ], [ -90.29956, 38.71304 ], [ -90.2992, 38.70844 ], [ -90.29772, 38.70634 ], [ -90.29732, 38.70691 ], [ -90.2975, 38.70698 ], [ -90.29645, 38.70851 ], [ -90.29681, 38.70868 ], [ -90.29705, 38.70862 ] ] ] } },
{ "type": "Feature", "properties": { "name": "Pine Lawn" }, "geometry": { "type": "Polygon", "coordinates": [ [ [ -90.26519, 38.70188 ], [ -90.27104, 38.70432 ], [ -90.27139, 38.70381 ], [ -90.27217, 38.70311 ], [ -90.27422, 38.70163 ], [ -90.27607, 38.70095 ], [ -90.27696, 38.70044 ], [ -90.27769, 38.69981 ], [ -90.27875, 38.69842 ], [ -90.27989, 38.69804 ], [ -90.2807, 38.69955 ], [ -90.28402, 38.69503 ], [ -90.27996, 38.69341 ], [ -90.2796, 38.69314 ], [ -90.281, 38.69027 ], [ -90.28391, 38.69141 ], [ -90.2849, 38.68975 ], [ -90.28374, 38.6894 ], [ -90.28381, 38.68918 ], [ -90.28272, 38.68905 ], [ -90.28173, 38.68872 ], [ -90.28202, 38.68808 ], [ -90.28181, 38.68798 ], [ -90.28267, 38.68648 ], [ -90.27878, 38.68473 ], [ -90.26519, 38.70188 ] ] ] } },
{ "type": "Feature", "properties": { "name": "Richmond Heights" }, "geometry": { "type": "Polygon", "coordinates": [ [ [ -90.35133, 38.63908 ], [ -90.35668, 38.63982 ], [ -90.36183, 38.64105 ], [ -90.36186, 38.63181 ], [ -90.36221, 38.63124 ], [ -90.36229, 38.63051 ], [ -90.35758, 38.63044 ], [ -90.35761, 38.62921 ], [ -90.3349, 38.62928 ], [ -90.33493, 38.62458 ], [ -90.33444, 38.62367 ], [ -90.33444, 38.62276 ], [ -90.32097, 38.62273 ], [ -90.32167, 38.61926 ], [ -90.31529, 38.61868 ], [ -90.31472, 38.62213 ], [ -90.31027, 38.62172 ], [ -90.30863, 38.63018 ], [ -90.3076, 38.6325 ], [ -90.3065, 38.63336 ], [ -90.30643, 38.63362 ], [ -90.31858, 38.63476 ], [ -90.31854, 38.635 ], [ -90.32478, 38.63587 ], [ -90.33456, 38.63775 ], [ -90.34088, 38.63767 ], [ -90.34849, 38.63839 ], [ -90.35132, 38.63916 ], [ -90.35133, 38.63908 ] ] ] } },
{ "type": "Feature", "properties": { "name": "Riverview" }, "geometry": { "type": "Polygon", "coordinates": [ [ [ -90.21494, 38.75356 ], [ -90.2172, 38.75385 ], [ -90.21753, 38.75308 ], [ -90.21815, 38.75316 ], [ -90.21846, 38.75247 ], [ -90.21865, 38.7505 ], [ -90.21886, 38.75051 ], [ -90.21895, 38.74939 ], [ -90.21882, 38.74938 ], [ -90.21893, 38.74841 ], [ -90.21459, 38.74795 ], [ -90.21612, 38.73813 ], [ -90.22109, 38.73862 ], [ -90.22069, 38.73735 ], [ -90.21999, 38.73642 ], [ -90.2222, 38.73663 ], [ -90.22239, 38.73256 ], [ -90.22122, 38.73244 ], [ -90.22184, 38.73069 ], [ -90.2221, 38.73072 ], [ -90.22221, 38.72996 ], [ -90.22181, 38.73012 ], [ -90.21977, 38.7323 ], [ -90.21828, 38.73345 ], [ -90.21291, 38.73616 ], [ -90.20804, 38.73989 ], [ -90.19858, 38.7482 ], [ -90.1969, 38.74985 ], [ -90.19855, 38.75092 ], [ -90.20159, 38.75121 ], [ -90.20176, 38.75032 ], [ -90.21523, 38.75171 ], [ -90.21494, 38.75356 ] ] ] } },
{ "type": "Feature", "properties": { "name": "Rock Hill" }, "geometry": { "type": "Polygon", "coordinates": [ [ [ -90.35623, 38.61203 ], [ -90.35514, 38.61826 ], [ -90.36241, 38.61904 ], [ -90.36336, 38.61397 ], [ -90.37152, 38.61492 ], [ -90.37179, 38.61336 ], [ -90.37884, 38.61409 ], [ -90.38044, 38.60444 ], [ -90.37767, 38.60521 ], [ -90.37691, 38.60384 ], [ -90.37694, 38.60244 ], [ -90.37232, 38.60238 ], [ -90.37244, 38.60172 ], [ -90.35975, 38.60035 ], [ -90.35912, 38.60383 ], [ -90.35991, 38.60392 ], [ -90.35884, 38.60908 ], [ -90.35861, 38.60926 ], [ -90.35779, 38.60891 ], [ -90.35761, 38.60973 ], [ -90.357, 38.61018 ], [ -90.35755, 38.6105 ], [ -90.35623, 38.61203 ] ] ] } },
{ "type": "Feature", "properties": { "name": "Shrewsbury" }, "geometry": { "type": "Polygon", "coordinates": [ [ [ -90.32324, 38.60026 ], [ -90.32488, 38.60042 ], [ -90.32605, 38.60105 ], [ -90.3317, 38.59703 ], [ -90.33264, 38.59169 ], [ -90.33582, 38.59202 ], [ -90.33902, 38.57311 ], [ -90.33398, 38.57255 ], [ -90.33262, 38.57222 ], [ -90.33208, 38.57325 ], [ -90.33165, 38.57377 ], [ -90.32652, 38.57747 ], [ -90.32411, 38.58006 ], [ -90.32266, 38.58036 ], [ -90.32146, 38.58089 ], [ -90.318, 38.58331 ], [ -90.31798, 38.58364 ], [ -90.31636, 38.58481 ], [ -90.32065, 38.5942 ], [ -90.31852, 38.59943 ], [ -90.31889, 38.59949 ], [ -90.32003, 38.59919 ], [ -90.32071, 38.59884 ], [ -90.32102, 38.59884 ], [ -90.32282, 38.59976 ], [ -90.32324, 38.60026 ] ] ] } },
{ "type": "Feature", "properties": { "name": "St. Ann" }, "geometry": { "type": "Polygon", "coordinates": [ [ [ -90.3711, 38.74044 ], [ -90.37068, 38.7429 ], [ -90.377, 38.7465 ], [ -90.38262, 38.74163 ], [ -90.38618, 38.74184 ], [ -90.38958, 38.73494 ], [ -90.39168, 38.73366 ], [ -90.39807, 38.73728 ], [ -90.3983, 38.73709 ], [ -90.39883, 38.73721 ], [ -90.3994, 38.73696 ], [ -90.39885, 38.7363 ], [ -90.39915, 38.73623 ], [ -90.40124, 38.7351 ], [ -90.40266, 38.73238 ], [ -90.40278, 38.73131 ], [ -90.40312, 38.73126 ], [ -90.40589, 38.72221 ], [ -90.40323, 38.72193 ], [ -90.40396, 38.71782 ], [ -90.40288, 38.71758 ], [ -90.40252, 38.7172 ], [ -90.40172, 38.71763 ], [ -90.40139, 38.71764 ], [ -90.40177, 38.71647 ], [ -90.40247, 38.71239 ], [ -90.40294, 38.71259 ], [ -90.40479, 38.71103 ], [ -90.40405, 38.71049 ], [ -90.40373, 38.71079 ], [ -90.40136, 38.70906 ], [ -90.40166, 38.70873 ], [ -90.40039, 38.70992 ], [ -90.39993, 38.70976 ], [ -90.39915, 38.71053 ], [ -90.39774, 38.71016 ], [ -90.39764, 38.71078 ], [ -90.3891, 38.71078 ], [ -90.38886, 38.7126 ], [ -90.37954, 38.71166 ], [ -90.37841, 38.71855 ], [ -90.37486, 38.71817 ], [ -90.37381, 38.72435 ], [ -90.3725, 38.72361 ], [ -90.3697, 38.74028 ], [ -90.3711, 38.74044 ] ] ] } },
{ "type": "Feature", "properties": { "name": "St. John" }, "geometry": { "type": "Polygon", "coordinates": [ [ [ -90.33518, 38.72081 ], [ -90.35193, 38.72242 ], [ -90.35186, 38.72283 ], [ -90.35744, 38.72336 ], [ -90.35768, 38.72162 ], [ -90.35869, 38.72173 ], [ -90.35862, 38.72213 ], [ -90.36448, 38.72274 ], [ -90.3651, 38.71893 ], [ -90.35852, 38.71535 ], [ -90.35859, 38.71504 ], [ -90.35571, 38.71347 ], [ -90.35614, 38.71024 ], [ -90.35006, 38.70966 ], [ -90.35002, 38.70985 ], [ -90.34349, 38.70631 ], [ -90.34317, 38.70667 ], [ -90.33316, 38.70131 ], [ -90.333, 38.70147 ], [ -90.33021, 38.70005 ], [ -90.33013, 38.70536 ], [ -90.33594, 38.7054 ], [ -90.33589, 38.70602 ], [ -90.33677, 38.70603 ], [ -90.33579, 38.71289 ], [ -90.33462, 38.71287 ], [ -90.33475, 38.71493 ], [ -90.33492, 38.71492 ], [ -90.335, 38.71574 ], [ -90.33482, 38.71575 ], [ -90.33479, 38.71708 ], [ -90.33455, 38.71801 ], [ -90.33409, 38.71897 ], [ -90.33334, 38.71991 ], [ -90.33348, 38.71997 ], [ -90.33278, 38.72071 ], [ -90.33263, 38.72062 ], [ -90.33133, 38.72204 ], [ -90.33504, 38.72214 ], [ -90.33518, 38.72081 ] ] ] } },
{ "type": "Feature", "properties": { "name": "Sunset Hills" }, "geometry": { "type": "Polygon", "coordinates": [ [ [ -90.39771, 38.56139 ], [ -90.39786, 38.56122 ], [ -90.39821, 38.56122 ], [ -90.39864, 38.56084 ], [ -90.4004, 38.55981 ], [ -90.40205, 38.55968 ], [ -90.40698, 38.5597 ], [ -90.40699, 38.5593 ], [ -90.41855, 38.55945 ], [ -90.41862, 38.5552 ], [ -90.41903, 38.55499 ], [ -90.42099, 38.555 ], [ -90.42098, 38.55575 ], [ -90.43055, 38.55584 ], [ -90.43061, 38.54845 ], [ -90.43561, 38.54849 ], [ -90.43511, 38.54755 ], [ -90.43486, 38.54671 ], [ -90.43475, 38.54651 ], [ -90.43455, 38.54645 ], [ -90.43379, 38.54484 ], [ -90.43355, 38.54299 ], [ -90.43383, 38.54133 ], [ -90.43368, 38.54133 ], [ -90.43431, 38.53843 ], [ -90.43435, 38.53499 ], [ -90.43458, 38.53202 ], [ -90.43448, 38.52718 ], [ -90.43493, 38.5244 ], [ -90.43526, 38.52342 ], [ -90.43503, 38.52098 ], [ -90.43523, 38.51657 ], [ -90.43492, 38.5154 ], [ -90.43425, 38.51458 ], [ -90.43084, 38.51313 ], [ -90.43054, 38.51284 ], [ -90.42903, 38.5121 ], [ -90.4275, 38.51116 ], [ -90.42729, 38.51139 ], [ -90.42727, 38.51115 ], [ -90.42687, 38.51095 ], [ -90.42683, 38.51067 ], [ -90.42647, 38.5103 ], [ -90.42408, 38.50842 ], [ -90.42211, 38.50714 ], [ -90.42121, 38.5071 ], [ -90.4215, 38.50763 ], [ -90.42117, 38.50837 ], [ -90.42039, 38.5088 ], [ -90.41981, 38.5086 ], [ -90.41998, 38.50812 ], [ -90.41985, 38.50771 ], [ -90.42042, 38.50656 ], [ -90.42013, 38.50612 ], [ -90.41916, 38.50566 ], [ -90.41747, 38.50689 ], [ -90.41725, 38.5067 ], [ -90.41721, 38.50601 ], [ -90.41703, 38.50579 ], [ -90.41696, 38.50525 ], [ -90.41643, 38.50525 ], [ -90.41512, 38.505 ], [ -90.41462, 38.50513 ], [ -90.4141, 38.50571 ], [ -90.4137, 38.50568 ], [ -90.41291, 38.50594 ], [ -90.41237, 38.50571 ], [ -90.41136, 38.50562 ], [ -90.41098, 38.50574 ], [ -90.41043, 38.50574 ], [ -90.40747, 38.50468 ], [ -90.40607, 38.50376 ], [ -90.40223, 38.50558 ], [ -90.40017, 38.5073 ], [ -90.39818, 38.50605 ], [ -90.39577, 38.50722 ], [ -90.39596, 38.50766 ], [ -90.39205, 38.50766 ], [ -90.39207, 38.50684 ], [ -90.3897, 38.50692 ], [ -90.38889, 38.5074 ], [ -90.3902, 38.50874 ], [ -90.38296, 38.51466 ], [ -90.38251, 38.51442 ], [ -90.38123, 38.51311 ], [ -90.38072, 38.51315 ], [ -90.38046, 38.51341 ], [ -90.3803, 38.51757 ], [ -90.38033, 38.5264 ], [ -90.38006, 38.54426 ], [ -90.38962, 38.54432 ], [ -90.38996, 38.54445 ], [ -90.39171, 38.54571 ], [ -90.39358, 38.54442 ], [ -90.39791, 38.54447 ], [ -90.39811, 38.54456 ], [ -90.39789, 38.55448 ], [ -90.39767, 38.5545 ], [ -90.39784, 38.55626 ], [ -90.39802, 38.55625 ], [ -90.3984, 38.55922 ], [ -90.39772, 38.5592 ], [ -90.39771, 38.56139 ] ] ] } },
{ "type": "Feature", "properties": { "name": "Sycamore Hills" }, "geometry": { "type": "Polygon", "coordinates": [ [ [ -90.3444, 38.70126 ], [ -90.34407, 38.70271 ], [ -90.34514, 38.70303 ], [ -90.3524, 38.70375 ], [ -90.35305, 38.70065 ], [ -90.35316, 38.70049 ], [ -90.35391, 38.70019 ], [ -90.35465, 38.69949 ], [ -90.35366, 38.69935 ], [ -90.34755, 38.69911 ], [ -90.3458, 38.6997 ], [ -90.34578, 38.69984 ], [ -90.34388, 38.70055 ], [ -90.3444, 38.70126 ] ] ] } },
{ "type": "Feature", "properties": { "name": "Town & Country" }, "geometry": { "type": "Polygon", "coordinates": [ [ [ -90.49066, 38.67252 ], [ -90.49466, 38.67284 ], [ -90.49475, 38.67246 ], [ -90.49441, 38.6725 ], [ -90.494, 38.67198 ], [ -90.49321, 38.67191 ], [ -90.49254, 38.6722 ], [ -90.49185, 38.67203 ], [ -90.4922, 38.67161 ], [ -90.49197, 38.67096 ], [ -90.49368, 38.66669 ], [ -90.49619, 38.66656 ], [ -90.49635, 38.6666 ], [ -90.49663, 38.66738 ], [ -90.4969, 38.66735 ], [ -90.49735, 38.66708 ], [ -90.49722, 38.66672 ], [ -90.49855, 38.66679 ], [ -90.49922, 38.66737 ], [ -90.50086, 38.66732 ], [ -90.50032, 38.6668 ], [ -90.50129, 38.66664 ], [ -90.5017, 38.6653 ], [ -90.50389, 38.66179 ], [ -90.50365, 38.66091 ], [ -90.50582, 38.65764 ], [ -90.50539, 38.65742 ], [ -90.49859, 38.65657 ], [ -90.49884, 38.65465 ], [ -90.4995, 38.65471 ], [ -90.49976, 38.65344 ], [ -90.50022, 38.65348 ], [ -90.50044, 38.65239 ], [ -90.5, 38.65223 ], [ -90.50064, 38.64907 ], [ -90.50326, 38.64955 ], [ -90.50473, 38.65015 ], [ -90.50526, 38.65025 ], [ -90.50599, 38.65016 ], [ -90.50661, 38.64984 ], [ -90.50793, 38.64951 ], [ -90.50927, 38.64619 ], [ -90.51266, 38.6462 ], [ -90.52177, 38.64162 ], [ -90.52161, 38.64144 ], [ -90.5213, 38.6373 ], [ -90.52077, 38.63729 ], [ -90.52086, 38.63666 ], [ -90.52066, 38.63618 ], [ -90.52068, 38.63397 ], [ -90.52234, 38.63396 ], [ -90.52084, 38.63214 ], [ -90.51928, 38.62653 ], [ -90.51957, 38.62638 ], [ -90.51715, 38.62327 ], [ -90.52318, 38.62188 ], [ -90.52138, 38.61884 ], [ -90.52021, 38.61767 ], [ -90.51334, 38.62113 ], [ -90.51243, 38.62003 ], [ -90.50631, 38.62316 ], [ -90.5052, 38.6218 ], [ -90.50092, 38.62399 ], [ -90.49901, 38.62163 ], [ -90.4988, 38.62071 ], [ -90.49559, 38.62182 ], [ -90.49571, 38.62342 ], [ -90.49822, 38.62637 ], [ -90.49046, 38.62633 ], [ -90.49048, 38.62408 ], [ -90.48739, 38.62449 ], [ -90.48601, 38.61811 ], [ -90.48618, 38.61777 ], [ -90.48504, 38.61265 ], [ -90.48552, 38.60604 ], [ -90.48708, 38.60621 ], [ -90.48755, 38.60421 ], [ -90.49013, 38.60422 ], [ -90.48906, 38.60273 ], [ -90.48996, 38.60245 ], [ -90.48961, 38.60194 ], [ -90.4896, 38.6014 ], [ -90.48927, 38.60139 ], [ -90.48939, 38.60115 ], [ -90.48922, 38.60075 ], [ -90.48925, 38.6003 ], [ -90.48884, 38.59945 ], [ -90.48909, 38.59931 ], [ -90.48893, 38.59917 ], [ -90.48882, 38.59829 ], [ -90.48865, 38.59823 ], [ -90.48849, 38.59771 ], [ -90.48799, 38.59693 ], [ -90.48815, 38.59663 ], [ -90.48639, 38.5969 ], [ -90.48485, 38.59684 ], [ -90.48317, 38.59661 ], [ -90.48308, 38.59794 ], [ -90.48159, 38.5979 ], [ -90.48149, 38.5991 ], [ -90.47954, 38.59905 ], [ -90.47936, 38.59886 ], [ -90.47939, 38.59799 ], [ -90.47864, 38.5978 ], [ -90.47657, 38.59783 ], [ -90.47725, 38.5984 ], [ -90.47719, 38.59895 ], [ -90.47388, 38.59979 ], [ -90.47389, 38.59945 ], [ -90.47258, 38.59945 ], [ -90.47252, 38.60052 ], [ -90.47162, 38.60052 ], [ -90.47163, 38.60232 ], [ -90.46742, 38.60232 ], [ -90.46742, 38.60396 ], [ -90.46665, 38.60396 ], [ -90.46643, 38.60409 ], [ -90.46313, 38.60408 ], [ -90.46236, 38.60423 ], [ -90.45992, 38.60439 ], [ -90.45802, 38.60428 ], [ -90.45798, 38.60774 ], [ -90.44861, 38.60766 ], [ -90.4484, 38.61867 ], [ -90.43442, 38.61855 ], [ -90.43422, 38.62402 ], [ -90.43348, 38.62402 ], [ -90.43332, 38.63867 ], [ -90.43886, 38.64034 ], [ -90.452, 38.64032 ], [ -90.45244, 38.64071 ], [ -90.45285, 38.64071 ], [ -90.45285, 38.64079 ], [ -90.46702, 38.64085 ], [ -90.46705, 38.64451 ], [ -90.46917, 38.64451 ], [ -90.46911, 38.64085 ], [ -90.48095, 38.64084 ], [ -90.48225, 38.64827 ], [ -90.47934, 38.64826 ], [ -90.47959, 38.65246 ], [ -90.48416, 38.65252 ], [ -90.48417, 38.65411 ], [ -90.48168, 38.65405 ], [ -90.4815, 38.65788 ], [ -90.48143, 38.65765 ], [ -90.48128, 38.65898 ], [ -90.48088, 38.66027 ], [ -90.48069, 38.66047 ], [ -90.47984, 38.66066 ], [ -90.47854, 38.66069 ], [ -90.47804, 38.66101 ], [ -90.47796, 38.66281 ], [ -90.47813, 38.66282 ], [ -90.47739, 38.66591 ], [ -90.47946, 38.66614 ], [ -90.47897, 38.6683 ], [ -90.48224, 38.66862 ], [ -90.48162, 38.6712 ], [ -90.48196, 38.67112 ], [ -90.48201, 38.67084 ], [ -90.48237, 38.67101 ], [ -90.48274, 38.671 ], [ -90.48312, 38.67073 ], [ -90.48322, 38.67096 ], [ -90.48311, 38.67124 ], [ -90.48353, 38.67121 ], [ -90.48373, 38.67086 ], [ -90.48436, 38.67109 ], [ -90.48397, 38.67133 ], [ -90.48452, 38.67145 ], [ -90.48493, 38.67137 ], [ -90.48514, 38.6708 ], [ -90.48559, 38.67076 ], [ -90.48598, 38.67026 ], [ -90.48642, 38.66997 ], [ -90.48736, 38.67067 ], [ -90.48736, 38.66923 ], [ -90.48775, 38.66924 ], [ -90.48756, 38.66942 ], [ -90.48801, 38.66916 ], [ -90.48831, 38.66946 ], [ -90.4879, 38.66981 ], [ -90.48831, 38.67012 ], [ -90.48914, 38.67025 ], [ -90.48931, 38.66996 ], [ -90.48982, 38.67015 ], [ -90.49027, 38.66992 ], [ -90.49065, 38.66991 ], [ -90.49068, 38.67018 ], [ -90.4909, 38.67039 ], [ -90.49074, 38.67068 ], [ -90.49144, 38.67087 ], [ -90.49066, 38.67252 ] ], [ [ -90.45774, 38.62574 ], [ -90.45305, 38.62577 ], [ -90.45311, 38.61877 ], [ -90.45781, 38.61879 ], [ -90.45774, 38.62574 ] ] ] } },
{ "type": "Feature", "properties": { "name": "Twin Oaks" }, "geometry": { "type": "Polygon", "coordinates": [ [ [ -90.49756, 38.56982 ], [ -90.49822, 38.57151 ], [ -90.50042, 38.57121 ], [ -90.50207, 38.57079 ], [ -90.50209, 38.57064 ], [ -90.50041, 38.57063 ], [ -90.50042, 38.56896 ], [ -90.50116, 38.56896 ], [ -90.50117, 38.56765 ], [ -90.50592, 38.56769 ], [ -90.50611, 38.56037 ], [ -90.50262, 38.56034 ], [ -90.50259, 38.56085 ], [ -90.50134, 38.56167 ], [ -90.50113, 38.56238 ], [ -90.50044, 38.56304 ], [ -90.4998, 38.56343 ], [ -90.49838, 38.56393 ], [ -90.49623, 38.56383 ], [ -90.49601, 38.56395 ], [ -90.49618, 38.56456 ], [ -90.49615, 38.56515 ], [ -90.49554, 38.56696 ], [ -90.49572, 38.5678 ], [ -90.49442, 38.56779 ], [ -90.49437, 38.56924 ], [ -90.495, 38.56951 ], [ -90.49621, 38.56951 ], [ -90.49621, 38.56936 ], [ -90.49714, 38.56936 ], [ -90.49756, 38.56982 ] ] ] } },
{ "type": "Feature", "properties": { "name": "University City" }, "geometry": { "type": "Polygon", "coordinates": [ [ [ -90.3365, 38.6815 ], [ -90.35063, 38.68344 ], [ -90.35175, 38.68338 ], [ -90.35257, 38.68321 ], [ -90.35341, 38.68289 ], [ -90.35436, 38.6823 ], [ -90.35944, 38.67806 ], [ -90.36004, 38.67745 ], [ -90.36067, 38.67653 ], [ -90.36101, 38.67573 ], [ -90.36121, 38.67448 ], [ -90.36117, 38.66978 ], [ -90.36092, 38.66848 ], [ -90.36233, 38.66848 ], [ -90.36239, 38.66084 ], [ -90.36665, 38.66086 ], [ -90.36667, 38.65814 ], [ -90.36314, 38.6581 ], [ -90.36314, 38.65797 ], [ -90.3548, 38.65798 ], [ -90.35382, 38.65696 ], [ -90.35155, 38.65823 ], [ -90.3503, 38.65809 ], [ -90.35028, 38.65822 ], [ -90.34804, 38.658 ], [ -90.34811, 38.65754 ], [ -90.34002, 38.65681 ], [ -90.33996, 38.65722 ], [ -90.33468, 38.65671 ], [ -90.33519, 38.65309 ], [ -90.32963, 38.65253 ], [ -90.32981, 38.65149 ], [ -90.32875, 38.65138 ], [ -90.32942, 38.6472 ], [ -90.31596, 38.64591 ], [ -90.31483, 38.65141 ], [ -90.3127, 38.65124 ], [ -90.30828, 38.65024 ], [ -90.3028, 38.64946 ], [ -90.30186, 38.65556 ], [ -90.29743, 38.66116 ], [ -90.29852, 38.66148 ], [ -90.29816, 38.66442 ], [ -90.30227, 38.66484 ], [ -90.30202, 38.66648 ], [ -90.30257, 38.6679 ], [ -90.30196, 38.67005 ], [ -90.30982, 38.67078 ], [ -90.3095, 38.67279 ], [ -90.315, 38.67337 ], [ -90.31456, 38.67604 ], [ -90.32393, 38.67612 ], [ -90.32394, 38.68026 ], [ -90.32869, 38.68297 ], [ -90.33347, 38.6829 ], [ -90.33348, 38.68314 ], [ -90.3365, 38.68316 ], [ -90.3365, 38.6815 ] ] ] } },
{ "type": "Feature", "properties": { "name": "Uplands Park" }, "geometry": { "type": "Polygon", "coordinates": [ [ [ -90.28099, 38.69029 ], [ -90.2796, 38.69314 ], [ -90.27996, 38.69341 ], [ -90.28455, 38.69525 ], [ -90.28632, 38.69262 ], [ -90.28505, 38.69183 ], [ -90.28271, 38.69098 ], [ -90.28146, 38.69039 ], [ -90.28099, 38.69029 ] ] ] } },
{ "type": "Feature", "properties": { "name": "Valley Park" }, "geometry": { "type": "Polygon", "coordinates": [ [ [ -90.4734, 38.56315 ], [ -90.47306, 38.56356 ], [ -90.47292, 38.56508 ], [ -90.47192, 38.5668 ], [ -90.47245, 38.56717 ], [ -90.47244, 38.5675 ], [ -90.47138, 38.56804 ], [ -90.47115, 38.56863 ], [ -90.47003, 38.57043 ], [ -90.47727, 38.57132 ], [ -90.47817, 38.57352 ], [ -90.48001, 38.57352 ], [ -90.48188, 38.57252 ], [ -90.48129, 38.57165 ], [ -90.48075, 38.5712 ], [ -90.4784, 38.57011 ], [ -90.47809, 38.56953 ], [ -90.47821, 38.56899 ], [ -90.47887, 38.56774 ], [ -90.48107, 38.56564 ], [ -90.48425, 38.56292 ], [ -90.49164, 38.56384 ], [ -90.49162, 38.56613 ], [ -90.49578, 38.56618 ], [ -90.49617, 38.565 ], [ -90.49601, 38.56395 ], [ -90.49623, 38.56383 ], [ -90.49838, 38.56393 ], [ -90.4998, 38.56343 ], [ -90.50044, 38.56304 ], [ -90.50113, 38.56238 ], [ -90.50134, 38.56167 ], [ -90.50259, 38.56085 ], [ -90.50262, 38.56034 ], [ -90.50833, 38.56039 ], [ -90.50836, 38.55903 ], [ -90.50766, 38.55902 ], [ -90.50771, 38.55624 ], [ -90.50608, 38.55604 ], [ -90.50608, 38.55574 ], [ -90.50638, 38.55588 ], [ -90.50685, 38.55529 ], [ -90.50812, 38.55575 ], [ -90.50813, 38.55538 ], [ -90.50695, 38.55508 ], [ -90.50705, 38.55485 ], [ -90.50813, 38.55501 ], [ -90.50814, 38.5546 ], [ -90.51151, 38.55452 ], [ -90.51158, 38.55389 ], [ -90.5126, 38.5539 ], [ -90.51261, 38.55281 ], [ -90.51477, 38.55283 ], [ -90.51474, 38.55316 ], [ -90.51422, 38.55339 ], [ -90.51403, 38.55381 ], [ -90.5142, 38.5544 ], [ -90.5147, 38.55472 ], [ -90.51475, 38.55527 ], [ -90.51508, 38.55559 ], [ -90.51561, 38.55556 ], [ -90.51547, 38.55497 ], [ -90.51577, 38.55497 ], [ -90.51577, 38.55457 ], [ -90.51521, 38.55403 ], [ -90.51521, 38.55389 ], [ -90.51572, 38.55336 ], [ -90.51587, 38.55235 ], [ -90.51821, 38.5517 ], [ -90.52056, 38.55214 ], [ -90.52066, 38.54688 ], [ -90.51404, 38.54628 ], [ -90.51386, 38.54584 ], [ -90.51934, 38.54643 ], [ -90.52723, 38.54752 ], [ -90.53007, 38.54805 ], [ -90.53015, 38.544 ], [ -90.52833, 38.53916 ], [ -90.53182, 38.5338 ], [ -90.52954, 38.53397 ], [ -90.52971, 38.53044 ], [ -90.52365, 38.53306 ], [ -90.52391, 38.53344 ], [ -90.52198, 38.5341 ], [ -90.52125, 38.53419 ], [ -90.51743, 38.53581 ], [ -90.5148, 38.53663 ], [ -90.51239, 38.53702 ], [ -90.51215, 38.53689 ], [ -90.5124, 38.53636 ], [ -90.51361, 38.53463 ], [ -90.51441, 38.53438 ], [ -90.51437, 38.53427 ], [ -90.51384, 38.5344 ], [ -90.5149, 38.53342 ], [ -90.51527, 38.53228 ], [ -90.51499, 38.53106 ], [ -90.51541, 38.53007 ], [ -90.51273, 38.52951 ], [ -90.51341, 38.52669 ], [ -90.51282, 38.52576 ], [ -90.51184, 38.52484 ], [ -90.51171, 38.52355 ], [ -90.50948, 38.5235 ], [ -90.5087, 38.53432 ], [ -90.50885, 38.53455 ], [ -90.50839, 38.5357 ], [ -90.5085, 38.53578 ], [ -90.5065, 38.5364 ], [ -90.50466, 38.53664 ], [ -90.50059, 38.53686 ], [ -90.50091, 38.53529 ], [ -90.49981, 38.53514 ], [ -90.4996, 38.53552 ], [ -90.49931, 38.53573 ], [ -90.49752, 38.53599 ], [ -90.49745, 38.53568 ], [ -90.49676, 38.53577 ], [ -90.49654, 38.53438 ], [ -90.49664, 38.53437 ], [ -90.49623, 38.5327 ], [ -90.49726, 38.53257 ], [ -90.49654, 38.53162 ], [ -90.49674, 38.53096 ], [ -90.49246, 38.53086 ], [ -90.49449, 38.53309 ], [ -90.49364, 38.53393 ], [ -90.49388, 38.53392 ], [ -90.49429, 38.53457 ], [ -90.49331, 38.53554 ], [ -90.49264, 38.53565 ], [ -90.49286, 38.53672 ], [ -90.49212, 38.53713 ], [ -90.49139, 38.53724 ], [ -90.49145, 38.53845 ], [ -90.4919, 38.53929 ], [ -90.49044, 38.54626 ], [ -90.48219, 38.54574 ], [ -90.47779, 38.54596 ], [ -90.47646, 38.54617 ], [ -90.4745, 38.54686 ], [ -90.46869, 38.55036 ], [ -90.46749, 38.55096 ], [ -90.46275, 38.55283 ], [ -90.46026, 38.55356 ], [ -90.46078, 38.5551 ], [ -90.46204, 38.55484 ], [ -90.4623, 38.55755 ], [ -90.46336, 38.55976 ], [ -90.46336, 38.56028 ], [ -90.46545, 38.56032 ], [ -90.46556, 38.55967 ], [ -90.46626, 38.55934 ], [ -90.46697, 38.5586 ], [ -90.46831, 38.55862 ], [ -90.46871, 38.55933 ], [ -90.46938, 38.55973 ], [ -90.47034, 38.5595 ], [ -90.4714, 38.55954 ], [ -90.4722, 38.55971 ], [ -90.47245, 38.55956 ], [ -90.47253, 38.55889 ], [ -90.47269, 38.55875 ], [ -90.47301, 38.55875 ], [ -90.47298, 38.56044 ], [ -90.47101, 38.56041 ], [ -90.47098, 38.56205 ], [ -90.47038, 38.56205 ], [ -90.47036, 38.56266 ], [ -90.47102, 38.56249 ], [ -90.47295, 38.56254 ], [ -90.4734, 38.56315 ] ] ] } },
{ "type": "Feature", "properties": { "name": "Velda City" }, "geometry": { "type": "Polygon", "coordinates": [ [ [ -90.29354, 38.68792 ], [ -90.29173, 38.69042 ], [ -90.29235, 38.69069 ], [ -90.29192, 38.69143 ], [ -90.2922, 38.69155 ], [ -90.28894, 38.696 ], [ -90.29484, 38.69875 ], [ -90.29613, 38.69693 ], [ -90.29669, 38.69586 ], [ -90.29686, 38.69495 ], [ -90.29624, 38.69239 ], [ -90.29554, 38.69076 ], [ -90.29402, 38.68928 ], [ -90.29354, 38.68792 ] ] ] } },
{ "type": "Feature", "properties": { "name": "Velda Village Hills" }, "geometry": { "type": "Polygon", "coordinates": [ [ [ -90.28272, 38.68905 ], [ -90.28381, 38.68918 ], [ -90.28374, 38.6894 ], [ -90.2849, 38.68975 ], [ -90.28391, 38.69141 ], [ -90.28505, 38.69183 ], [ -90.28632, 38.69262 ], [ -90.28518, 38.69424 ], [ -90.28894, 38.696 ], [ -90.2922, 38.69155 ], [ -90.29192, 38.69143 ], [ -90.29215, 38.69111 ], [ -90.28736, 38.69013 ], [ -90.28552, 38.68928 ], [ -90.28558, 38.68918 ], [ -90.28398, 38.68858 ], [ -90.28282, 38.6884 ], [ -90.28202, 38.68808 ], [ -90.28173, 38.68872 ], [ -90.28272, 38.68905 ] ] ] } },
{ "type": "Feature", "properties": { "name": "Vinita Park" }, "geometry": { "type": "Polygon", "coordinates": [ [ [ -90.33863, 38.69564 ], [ -90.34165, 38.69723 ], [ -90.34532, 38.69855 ], [ -90.34702, 38.68924 ], [ -90.34702, 38.68394 ], [ -90.34724, 38.68298 ], [ -90.33813, 38.68161 ], [ -90.3365, 38.6815 ], [ -90.3365, 38.68316 ], [ -90.33348, 38.68314 ], [ -90.33347, 38.6829 ], [ -90.32869, 38.68297 ], [ -90.32629, 38.6816 ], [ -90.32494, 38.68159 ], [ -90.32816, 38.68342 ], [ -90.32816, 38.68725 ], [ -90.33347, 38.68726 ], [ -90.33355, 38.69106 ], [ -90.33422, 38.69296 ], [ -90.33371, 38.69552 ], [ -90.33853, 38.6961 ], [ -90.33863, 38.69564 ] ] ] } },
{ "type": "Feature", "properties": { "name": "Warson Woods" }, "geometry": { "type": "Polygon", "coordinates": [ [ [ -90.39078, 38.60194 ], [ -90.38899, 38.60249 ], [ -90.38625, 38.60302 ], [ -90.3804, 38.60463 ], [ -90.37963, 38.60925 ], [ -90.38861, 38.61014 ], [ -90.38851, 38.61076 ], [ -90.40132, 38.6109 ], [ -90.40148, 38.60354 ], [ -90.39669, 38.60349 ], [ -90.3967, 38.60321 ], [ -90.39077, 38.60317 ], [ -90.39078, 38.60194 ] ] ] } },
{ "type": "Feature", "properties": { "name": "Webster Groves" }, "geometry": { "type": "Polygon", "coordinates": [ [ [ -90.33936, 38.60932 ], [ -90.3407, 38.6098 ], [ -90.34067, 38.60999 ], [ -90.34152, 38.61029 ], [ -90.34162, 38.60972 ], [ -90.34277, 38.60984 ], [ -90.34392, 38.60979 ], [ -90.34516, 38.60952 ], [ -90.34634, 38.60907 ], [ -90.34668, 38.60665 ], [ -90.34771, 38.60571 ], [ -90.348, 38.60561 ], [ -90.3495, 38.6056 ], [ -90.35102, 38.60487 ], [ -90.35121, 38.60491 ], [ -90.35132, 38.60532 ], [ -90.35116, 38.60592 ], [ -90.35132, 38.60698 ], [ -90.35165, 38.6074 ], [ -90.35617, 38.60862 ], [ -90.35688, 38.6085 ], [ -90.35861, 38.60926 ], [ -90.35884, 38.60908 ], [ -90.35991, 38.60392 ], [ -90.35913, 38.60383 ], [ -90.35975, 38.60035 ], [ -90.37244, 38.60172 ], [ -90.37509, 38.58622 ], [ -90.37718, 38.58643 ], [ -90.37722, 38.57375 ], [ -90.37717, 38.57348 ], [ -90.37235, 38.56839 ], [ -90.36962, 38.56335 ], [ -90.36758, 38.56336 ], [ -90.36812, 38.56252 ], [ -90.36488, 38.56384 ], [ -90.36319, 38.56433 ], [ -90.34155, 38.56786 ], [ -90.33983, 38.56832 ], [ -90.33582, 38.59202 ], [ -90.33265, 38.59169 ], [ -90.33171, 38.59703 ], [ -90.32605, 38.60105 ], [ -90.32619, 38.60128 ], [ -90.32606, 38.60197 ], [ -90.32613, 38.60255 ], [ -90.32639, 38.60283 ], [ -90.32663, 38.60289 ], [ -90.32725, 38.60268 ], [ -90.32881, 38.60274 ], [ -90.33152, 38.60318 ], [ -90.33289, 38.60328 ], [ -90.3336, 38.60347 ], [ -90.33418, 38.60378 ], [ -90.33449, 38.60448 ], [ -90.33428, 38.60546 ], [ -90.33446, 38.60659 ], [ -90.335, 38.60737 ], [ -90.33509, 38.60778 ], [ -90.33517, 38.60965 ], [ -90.33625, 38.60965 ], [ -90.33627, 38.61016 ], [ -90.33805, 38.60994 ], [ -90.33872, 38.60949 ], [ -90.33936, 38.60932 ] ] ] } },
{ "type": "Feature", "properties": { "name": "Wellston" }, "geometry": { "type": "Polygon", "coordinates": [ [ [ -90.28326, 38.68038 ], [ -90.30029, 38.68781 ], [ -90.30045, 38.68373 ], [ -90.29545, 38.68103 ], [ -90.29551, 38.68079 ], [ -90.29534, 38.68071 ], [ -90.2997, 38.67494 ], [ -90.30089, 38.67344 ], [ -90.30106, 38.67347 ], [ -90.30205, 38.67015 ], [ -90.30499, 38.67046 ], [ -90.305, 38.67028 ], [ -90.30485, 38.67027 ], [ -90.30484, 38.67036 ], [ -90.30196, 38.67005 ], [ -90.30257, 38.6679 ], [ -90.30202, 38.66648 ], [ -90.30227, 38.66484 ], [ -90.29816, 38.66442 ], [ -90.29852, 38.66148 ], [ -90.29743, 38.66116 ], [ -90.2815, 38.68129 ], [ -90.28257, 38.68174 ], [ -90.2831, 38.68099 ], [ -90.28289, 38.6809 ], [ -90.28326, 38.68038 ] ] ] } },
{ "type": "Feature", "properties": { "name": "Westwood" }, "geometry": { "type": "Polygon", "coordinates": [ [ [ -90.42937, 38.64805 ], [ -90.44331, 38.64808 ], [ -90.44338, 38.64034 ], [ -90.43886, 38.64034 ], [ -90.43332, 38.63867 ], [ -90.42474, 38.63747 ], [ -90.42468, 38.64794 ], [ -90.42937, 38.64805 ] ] ] } },
{ "type": "Feature", "properties": { "name": "Wilbur Park" }, "geometry": { "type": "Polygon", "coordinates": [ [ [ -90.30681, 38.55076 ], [ -90.30677, 38.55292 ], [ -90.30756, 38.55301 ], [ -90.30703, 38.55582 ], [ -90.31024, 38.55556 ], [ -90.31059, 38.55364 ], [ -90.31047, 38.55339 ], [ -90.31053, 38.5512 ], [ -90.30681, 38.55076 ] ] ] } },
{ "type": "Feature", "properties": { "name": "Wildwood" }, "geometry": { "type": "Polygon", "coordinates": [ [ [ -90.67148, 38.64329 ], [ -90.67173, 38.64413 ], [ -90.6729, 38.64441 ], [ -90.67369, 38.64483 ], [ -90.67433, 38.64557 ], [ -90.67454, 38.64615 ], [ -90.67467, 38.64788 ], [ -90.67432, 38.64873 ], [ -90.67382, 38.64902 ], [ -90.67136, 38.64941 ], [ -90.67126, 38.6498 ], [ -90.67584, 38.66709 ], [ -90.67926, 38.66648 ], [ -90.6817, 38.66428 ], [ -90.68373, 38.66322 ], [ -90.68556, 38.66271 ], [ -90.6899, 38.66229 ], [ -90.69446, 38.66139 ], [ -90.69596, 38.66095 ], [ -90.69777, 38.66025 ], [ -90.70044, 38.65903 ], [ -90.7028, 38.65751 ], [ -90.70345, 38.65671 ], [ -90.70681, 38.65115 ], [ -90.70863, 38.64907 ], [ -90.71077, 38.64683 ], [ -90.71322, 38.64523 ], [ -90.71478, 38.64482 ], [ -90.71989, 38.64406 ], [ -90.72241, 38.64373 ], [ -90.72646, 38.64345 ], [ -90.72788, 38.64324 ], [ -90.73096, 38.64201 ], [ -90.73307, 38.64096 ], [ -90.7328, 38.62271 ], [ -90.7329, 38.5929 ], [ -90.73478, 38.52742 ], [ -90.73556, 38.49285 ], [ -90.73462, 38.49314 ], [ -90.73341, 38.49371 ], [ -90.73086, 38.49452 ], [ -90.7302, 38.49512 ], [ -90.72974, 38.49527 ], [ -90.72793, 38.49548 ], [ -90.7223, 38.49726 ], [ -90.72046, 38.49805 ], [ -90.71941, 38.4982 ], [ -90.71735, 38.49885 ], [ -90.71672, 38.49927 ], [ -90.71574, 38.49958 ], [ -90.7147, 38.49962 ], [ -90.70763, 38.50182 ], [ -90.70638, 38.50212 ], [ -90.70634, 38.50199 ], [ -90.6996, 38.50311 ], [ -90.69959, 38.50361 ], [ -90.69641, 38.50382 ], [ -90.69579, 38.50419 ], [ -90.69477, 38.50434 ], [ -90.6944, 38.50426 ], [ -90.69095, 38.5047 ], [ -90.69028, 38.50513 ], [ -90.68998, 38.51125 ], [ -90.68077, 38.511 ], [ -90.68076, 38.51376 ], [ -90.68154, 38.51504 ], [ -90.68042, 38.51623 ], [ -90.6804, 38.51827 ], [ -90.66166, 38.51752 ], [ -90.66094, 38.51784 ], [ -90.66072, 38.5175 ], [ -90.6529, 38.51732 ], [ -90.65273, 38.52153 ], [ -90.65241, 38.52139 ], [ -90.65093, 38.52017 ], [ -90.64797, 38.51871 ], [ -90.64787, 38.52173 ], [ -90.64581, 38.52168 ], [ -90.64588, 38.52148 ], [ -90.64554, 38.52083 ], [ -90.63846, 38.5207 ], [ -90.63865, 38.51701 ], [ -90.631, 38.51687 ], [ -90.63099, 38.51714 ], [ -90.63389, 38.5172 ], [ -90.63362, 38.52427 ], [ -90.63114, 38.52422 ], [ -90.63082, 38.52394 ], [ -90.6298, 38.52225 ], [ -90.6286, 38.5209 ], [ -90.62742, 38.51785 ], [ -90.62697, 38.51706 ], [ -90.62676, 38.51705 ], [ -90.62769, 38.51928 ], [ -90.627, 38.51948 ], [ -90.62588, 38.51713 ], [ -90.62417, 38.51716 ], [ -90.62629, 38.52069 ], [ -90.627, 38.52261 ], [ -90.62559, 38.52307 ], [ -90.62616, 38.52333 ], [ -90.62663, 38.52417 ], [ -90.62753, 38.52983 ], [ -90.62754, 38.5309 ], [ -90.62647, 38.53524 ], [ -90.62522, 38.53889 ], [ -90.62423, 38.54077 ], [ -90.62307, 38.54245 ], [ -90.62249, 38.54273 ], [ -90.62164, 38.54286 ], [ -90.62062, 38.54253 ], [ -90.61859, 38.54263 ], [ -90.61623, 38.54257 ], [ -90.61447, 38.54234 ], [ -90.60933, 38.54219 ], [ -90.6059, 38.54121 ], [ -90.60081, 38.54039 ], [ -90.59963, 38.54048 ], [ -90.59828, 38.54212 ], [ -90.59607, 38.54126 ], [ -90.5954, 38.54156 ], [ -90.59414, 38.54086 ], [ -90.59352, 38.54149 ], [ -90.5924, 38.54175 ], [ -90.59199, 38.54157 ], [ -90.59162, 38.54193 ], [ -90.57511, 38.54579 ], [ -90.57719, 38.54582 ], [ -90.57705, 38.55305 ], [ -90.5753, 38.55307 ], [ -90.57516, 38.55706 ], [ -90.57408, 38.55746 ], [ -90.57335, 38.55797 ], [ -90.57315, 38.55833 ], [ -90.57316, 38.55921 ], [ -90.57352, 38.56039 ], [ -90.57408, 38.56089 ], [ -90.57522, 38.56145 ], [ -90.5769, 38.56171 ], [ -90.57678, 38.568 ], [ -90.58054, 38.56803 ], [ -90.58039, 38.56886 ], [ -90.58076, 38.56976 ], [ -90.58011, 38.57103 ], [ -90.58047, 38.57134 ], [ -90.58194, 38.57073 ], [ -90.58249, 38.57156 ], [ -90.58627, 38.57153 ], [ -90.5863, 38.56948 ], [ -90.58597, 38.56819 ], [ -90.58598, 38.56766 ], [ -90.58634, 38.56703 ], [ -90.59227, 38.56704 ], [ -90.5922, 38.57247 ], [ -90.59816, 38.57243 ], [ -90.59817, 38.57154 ], [ -90.59915, 38.57155 ], [ -90.60024, 38.57184 ], [ -90.60103, 38.57099 ], [ -90.6018, 38.56975 ], [ -90.60268, 38.56961 ], [ -90.60388, 38.56885 ], [ -90.60448, 38.56904 ], [ -90.60517, 38.5688 ], [ -90.60508, 38.57282 ], [ -90.60454, 38.57309 ], [ -90.60455, 38.57257 ], [ -90.60422, 38.57257 ], [ -90.60422, 38.57328 ], [ -90.60059, 38.57516 ], [ -90.60059, 38.5772 ], [ -90.60132, 38.57727 ], [ -90.60231, 38.57763 ], [ -90.60239, 38.57779 ], [ -90.60168, 38.57778 ], [ -90.60168, 38.57996 ], [ -90.60309, 38.57996 ], [ -90.60311, 38.58097 ], [ -90.60015, 38.58096 ], [ -90.60016, 38.58317 ], [ -90.60489, 38.58317 ], [ -90.60479, 38.58674 ], [ -90.60342, 38.58671 ], [ -90.60398, 38.58781 ], [ -90.61038, 38.58585 ], [ -90.61432, 38.58369 ], [ -90.61402, 38.5903 ], [ -90.61824, 38.59032 ], [ -90.61816, 38.59398 ], [ -90.60915, 38.5939 ], [ -90.60917, 38.59433 ], [ -90.60173, 38.59427 ], [ -90.60168, 38.59564 ], [ -90.60253, 38.59675 ], [ -90.6026, 38.59763 ], [ -90.60339, 38.59769 ], [ -90.60337, 38.59831 ], [ -90.60221, 38.59832 ], [ -90.60217, 38.59903 ], [ -90.6021, 38.60129 ], [ -90.60317, 38.60129 ], [ -90.60312, 38.60479 ], [ -90.59242, 38.60481 ], [ -90.59658, 38.61022 ], [ -90.59796, 38.61137 ], [ -90.59859, 38.61298 ], [ -90.59947, 38.61354 ], [ -90.59936, 38.61956 ], [ -90.60287, 38.61962 ], [ -90.60277, 38.62061 ], [ -90.60223, 38.62165 ], [ -90.60248, 38.62317 ], [ -90.60213, 38.62388 ], [ -90.60209, 38.62429 ], [ -90.60284, 38.62485 ], [ -90.60435, 38.62525 ], [ -90.60556, 38.62576 ], [ -90.60713, 38.62591 ], [ -90.60846, 38.62701 ], [ -90.60837, 38.6343 ], [ -90.60707, 38.63429 ], [ -90.60728, 38.6354 ], [ -90.60699, 38.63604 ], [ -90.60691, 38.63964 ], [ -90.60831, 38.63966 ], [ -90.60832, 38.63925 ], [ -90.61027, 38.63812 ], [ -90.61082, 38.63934 ], [ -90.61147, 38.64169 ], [ -90.61205, 38.64316 ], [ -90.61513, 38.64175 ], [ -90.61986, 38.63905 ], [ -90.62251, 38.64181 ], [ -90.62375, 38.64391 ], [ -90.6247, 38.64398 ], [ -90.62583, 38.64427 ], [ -90.62552, 38.64694 ], [ -90.64312, 38.64388 ], [ -90.64516, 38.6494 ], [ -90.64549, 38.64981 ], [ -90.64797, 38.64846 ], [ -90.64934, 38.64781 ], [ -90.65005, 38.6476 ], [ -90.65579, 38.6473 ], [ -90.66476, 38.64408 ], [ -90.67148, 38.64329 ] ] ] } },
{ "type": "Feature", "properties": { "name": "Winchester" }, "geometry": { "type": "Polygon", "coordinates": [ [ [ -90.523, 38.59295 ], [ -90.5293, 38.59286 ], [ -90.52936, 38.58989 ], [ -90.5322, 38.58992 ], [ -90.53324, 38.5863 ], [ -90.52459, 38.58619 ], [ -90.52457, 38.58827 ], [ -90.52004, 38.58811 ], [ -90.52001, 38.5913 ], [ -90.52073, 38.59279 ], [ -90.52238, 38.59287 ], [ -90.52296, 38.59277 ], [ -90.523, 38.59295 ] ] ] } },
{ "type": "Feature", "properties": { "name": "Woodson Terrace" }, "geometry": { "type": "Polygon", "coordinates": [ [ [ -90.34951, 38.73176 ], [ -90.35412, 38.7342 ], [ -90.35401, 38.73476 ], [ -90.36033, 38.73807 ], [ -90.36099, 38.73393 ], [ -90.3622, 38.73406 ], [ -90.36276, 38.7306 ], [ -90.37117, 38.73141 ], [ -90.37226, 38.72512 ], [ -90.36733, 38.72461 ], [ -90.36744, 38.72396 ], [ -90.36383, 38.72361 ], [ -90.36397, 38.72272 ], [ -90.35862, 38.72213 ], [ -90.35869, 38.72173 ], [ -90.35852, 38.72171 ], [ -90.35768, 38.72162 ], [ -90.35744, 38.72336 ], [ -90.35186, 38.72283 ], [ -90.35069, 38.72935 ], [ -90.3508, 38.72938 ], [ -90.34951, 38.73176 ] ] ] } }
]
}
